patientId,name,ageDays,gender,notes,status,riskScore
"NEO-IMG-1001","Infant J-1",5,"Male","Validated clinical training image: pushpa_Files/neoBloom/datasets/jaundice/jaundice (1).jpg","High Risk",83
"NEO-IMG-1002","Infant J-10",6,"Female","Validated clinical training image: pushpa_Files/neoBloom/datasets/jaundice/jaundice (10).jpg","High Risk",94.3
"NEO-IMG-1003","Infant J-100",2,"Male","Validated clinical training image: pushpa_Files/neoBloom/datasets/jaundice/jaundice (100).jpg","High Risk",88.1
"NEO-IMG-1004","Infant J-101",2,"Male","Validated clinical training image: pushpa_Files/neoBloom/datasets/jaundice/jaundice (101).jpg","High Risk",94.3
"NEO-IMG-1005","Infant J-102",6,"Female","Validated clinical training image: pushpa_Files/neoBloom/datasets/jaundice/jaundice (102).jpg","High Risk",82.5
"NEO-IMG-1006","Infant J-103",4,"Male","Validated clinical training image: pushpa_Files/neoBloom/datasets/jaundice/jaundice (103).jpg","High Risk",97.2
"NEO-IMG-1007","Infant J-104",6,"Female","Validated clinical training image: pushpa_Files/neoBloom/datasets/jaundice/jaundice (104).jpg","High Risk",91
"NEO-IMG-1008","Infant J-105",6,"Female","Validated clinical training image: pushpa_Files/neoBloom/datasets/jaundice/jaundice (105).jpg","High Risk",77.2
"NEO-IMG-1009","Infant J-106",6,"Female","Validated clinical training image: pushpa_Files/neoBloom/datasets/jaundice/jaundice (106).jpg","High Risk",81.2
"NEO-IMG-1010","Infant J-107",2,"Male","Validated clinical training image: pushpa_Files/neoBloom/datasets/jaundice/jaundice (107).jpg","High Risk",89.1
"NEO-IMG-1011","Infant J-108",6,"Male","Validated clinical training image: pushpa_Files/neoBloom/datasets/jaundice/jaundice (108).jpg","High Risk",93.1
"NEO-IMG-1012","Infant J-109",7,"Male","Validated clinical training image: pushpa_Files/neoBloom/datasets/jaundice/jaundice (109).jpg","High Risk",92
"NEO-IMG-1013","Infant J-11",3,"Male","Validated clinical training image: pushpa_Files/neoBloom/datasets/jaundice/jaundice (11).jpg","High Risk",87.6
"NEO-IMG-1014","Infant J-110",2,"Male","Validated clinical training image: pushpa_Files/neoBloom/datasets/jaundice/jaundice (110).jpg","High Risk",77.2
"NEO-IMG-1015","Infant J-111",3,"Female","Validated clinical training image: pushpa_Files/neoBloom/datasets/jaundice/jaundice (111).jpg","High Risk",98.6
"NEO-IMG-1016","Infant J-112",5,"Male","Validated clinical training image: pushpa_Files/neoBloom/datasets/jaundice/jaundice (112).jpg","High Risk",76.2
"NEO-IMG-1017","Infant J-113",3,"Female","Validated clinical training image: pushpa_Files/neoBloom/datasets/jaundice/jaundice (113).jpg","High Risk",81.8
"NEO-IMG-1018","Infant J-114",7,"Male","Validated clinical training image: pushpa_Files/neoBloom/datasets/jaundice/jaundice (114).jpg","High Risk",81.8
"NEO-IMG-1019","Infant J-115",3,"Female","Validated clinical training image: pushpa_Files/neoBloom/datasets/jaundice/jaundice (115).jpg","High Risk",80.2
"NEO-IMG-1020","Infant J-116",8,"Male","Validated clinical training image: pushpa_Files/neoBloom/datasets/jaundice/jaundice (116).jpg","High Risk",87.5
"NEO-IMG-1021","Infant J-117",4,"Female","Validated clinical training image: pushpa_Files/neoBloom/datasets/jaundice/jaundice (117).jpg","High Risk",89.6
"NEO-IMG-1022","Infant J-118",2,"Male","Validated clinical training image: pushpa_Files/neoBloom/datasets/jaundice/jaundice (118).jpg","High Risk",96.7
"NEO-IMG-1023","Infant J-119",4,"Female","Validated clinical training image: pushpa_Files/neoBloom/datasets/jaundice/jaundice (119).jpg","High Risk",79.3
"NEO-IMG-1024","Infant J-12",8,"Female","Validated clinical training image: pushpa_Files/neoBloom/datasets/jaundice/jaundice (12).jpg","High Risk",96.8
"NEO-IMG-1025","Infant J-120",4,"Male","Validated clinical training image: pushpa_Files/neoBloom/datasets/jaundice/jaundice (120).jpg","High Risk",76.8
"NEO-IMG-1026","Infant J-121",1,"Male","Validated clinical training image: pushpa_Files/neoBloom/datasets/jaundice/jaundice (121).jpg","High Risk",83.7
"NEO-IMG-1027","Infant J-122",7,"Female","Validated clinical training image: pushpa_Files/neoBloom/datasets/jaundice/jaundice (122).jpg","High Risk",89.9
"NEO-IMG-1028","Infant J-123",4,"Male","Validated clinical training image: pushpa_Files/neoBloom/datasets/jaundice/jaundice (123).jpg","High Risk",96.6
"NEO-IMG-1029","Infant J-124",6,"Female","Validated clinical training image: pushpa_Files/neoBloom/datasets/jaundice/jaundice (124).jpg","High Risk",79.4
"NEO-IMG-1030","Infant J-125",3,"Male","Validated clinical training image: pushpa_Files/neoBloom/datasets/jaundice/jaundice (125).jpg","High Risk",90.3
"NEO-IMG-1031","Infant J-126",5,"Male","Validated clinical training image: pushpa_Files/neoBloom/datasets/jaundice/jaundice (126).jpg","High Risk",84.5
"NEO-IMG-1032","Infant J-127",1,"Female","Validated clinical training image: pushpa_Files/neoBloom/datasets/jaundice/jaundice (127).jpg","High Risk",80.7
"NEO-IMG-1033","Infant J-128",3,"Male","Validated clinical training image: pushpa_Files/neoBloom/datasets/jaundice/jaundice (128).jpg","High Risk",90.9
"NEO-IMG-1034","Infant J-129",6,"Female","Validated clinical training image: pushpa_Files/neoBloom/datasets/jaundice/jaundice (129).jpg","High Risk",79.4
"NEO-IMG-1035","Infant J-13",6,"Male","Validated clinical training image: pushpa_Files/neoBloom/datasets/jaundice/jaundice (13).jpg","High Risk",99.3
"NEO-IMG-1036","Infant J-130",7,"Male","Validated clinical training image: pushpa_Files/neoBloom/datasets/jaundice/jaundice (130).jpg","High Risk",94
"NEO-IMG-1037","Infant J-131",1,"Male","Validated clinical training image: pushpa_Files/neoBloom/datasets/jaundice/jaundice (131).jpg","High Risk",85.3
"NEO-IMG-1038","Infant J-132",6,"Female","Validated clinical training image: pushpa_Files/neoBloom/datasets/jaundice/jaundice (132).jpg","High Risk",78.2
"NEO-IMG-1039","Infant J-133",3,"Male","Validated clinical training image: pushpa_Files/neoBloom/datasets/jaundice/jaundice (133).jpg","High Risk",89.9
"NEO-IMG-1040","Infant J-134",3,"Female","Validated clinical training image: pushpa_Files/neoBloom/datasets/jaundice/jaundice (134).jpg","High Risk",82.3
"NEO-IMG-1041","Infant J-135",6,"Male","Validated clinical training image: pushpa_Files/neoBloom/datasets/jaundice/jaundice (135).jpg","High Risk",93.9
"NEO-IMG-1042","Infant J-136",5,"Male","Validated clinical training image: pushpa_Files/neoBloom/datasets/jaundice/jaundice (136).jpg","High Risk",97.2
"NEO-IMG-1043","Infant J-137",8,"Female","Validated clinical training image: pushpa_Files/neoBloom/datasets/jaundice/jaundice (137).jpg","High Risk",75.8
"NEO-IMG-1044","Infant J-138",5,"Male","Validated clinical training image: pushpa_Files/neoBloom/datasets/jaundice/jaundice (138).jpg","High Risk",84.4
"NEO-IMG-1045","Infant J-139",4,"Male","Validated clinical training image: pushpa_Files/neoBloom/datasets/jaundice/jaundice (139).jpg","High Risk",86.8
"NEO-IMG-1046","Infant J-14",3,"Male","Validated clinical training image: pushpa_Files/neoBloom/datasets/jaundice/jaundice (14).jpg","High Risk",94.4
"NEO-IMG-1047","Infant J-140",3,"Female","Validated clinical training image: pushpa_Files/neoBloom/datasets/jaundice/jaundice (140).jpg","High Risk",79.7
"NEO-IMG-1048","Infant J-141",3,"Female","Validated clinical training image: pushpa_Files/neoBloom/datasets/jaundice/jaundice (141).jpg","High Risk",77.2
"NEO-IMG-1049","Infant J-142",3,"Female","Validated clinical training image: pushpa_Files/neoBloom/datasets/jaundice/jaundice (142).jpg","High Risk",81.6
"NEO-IMG-1050","Infant J-143",1,"Male","Validated clinical training image: pushpa_Files/neoBloom/datasets/jaundice/jaundice (143).jpg","High Risk",76.7
"NEO-IMG-1051","Infant J-144",3,"Male","Validated clinical training image: pushpa_Files/neoBloom/datasets/jaundice/jaundice (144).jpg","High Risk",96.1
"NEO-IMG-1052","Infant J-145",1,"Male","Validated clinical training image: pushpa_Files/neoBloom/datasets/jaundice/jaundice (145).jpg","High Risk",83.3
"NEO-IMG-1053","Infant J-146",2,"Female","Validated clinical training image: pushpa_Files/neoBloom/datasets/jaundice/jaundice (146).jpg","High Risk",89.8
"NEO-IMG-1054","Infant J-147",6,"Female","Validated clinical training image: pushpa_Files/neoBloom/datasets/jaundice/jaundice (147).jpg","High Risk",79.7
"NEO-IMG-1055","Infant J-148",3,"Female","Validated clinical training image: pushpa_Files/neoBloom/datasets/jaundice/jaundice (148).jpg","High Risk",89.6
"NEO-IMG-1056","Infant J-149",2,"Male","Validated clinical training image: pushpa_Files/neoBloom/datasets/jaundice/jaundice (149).jpg","High Risk",80
"NEO-IMG-1057","Infant J-15",2,"Female","Validated clinical training image: pushpa_Files/neoBloom/datasets/jaundice/jaundice (15).jpg","High Risk",98.8
"NEO-IMG-1058","Infant J-150",5,"Male","Validated clinical training image: pushpa_Files/neoBloom/datasets/jaundice/jaundice (150).jpg","High Risk",83.4
"NEO-IMG-1059","Infant J-151",1,"Male","Validated clinical training image: pushpa_Files/neoBloom/datasets/jaundice/jaundice (151).jpg","High Risk",91.7
"NEO-IMG-1060","Infant J-152",3,"Female","Validated clinical training image: pushpa_Files/neoBloom/datasets/jaundice/jaundice (152).jpg","High Risk",86.8
"NEO-IMG-1061","Infant J-153",1,"Male","Validated clinical training image: pushpa_Files/neoBloom/datasets/jaundice/jaundice (153).jpg","High Risk",96.4
"NEO-IMG-1062","Infant J-154",3,"Male","Validated clinical training image: pushpa_Files/neoBloom/datasets/jaundice/jaundice (154).jpg","High Risk",96.1
"NEO-IMG-1063","Infant J-155",7,"Female","Validated clinical training image: pushpa_Files/neoBloom/datasets/jaundice/jaundice (155).jpg","High Risk",79.2
"NEO-IMG-1064","Infant J-156",5,"Female","Validated clinical training image: pushpa_Files/neoBloom/datasets/jaundice/jaundice (156).jpg","High Risk",84.6
"NEO-IMG-1065","Infant J-157",5,"Male","Validated clinical training image: pushpa_Files/neoBloom/datasets/jaundice/jaundice (157).jpg","High Risk",95.7
"NEO-IMG-1066","Infant J-158",2,"Female","Validated clinical training image: pushpa_Files/neoBloom/datasets/jaundice/jaundice (158).jpg","High Risk",91.5
"NEO-IMG-1067","Infant J-159",2,"Female","Validated clinical training image: pushpa_Files/neoBloom/datasets/jaundice/jaundice (159).jpg","High Risk",96.9
"NEO-IMG-1068","Infant J-16",3,"Female","Validated clinical training image: pushpa_Files/neoBloom/datasets/jaundice/jaundice (16).jpg","High Risk",87.3
"NEO-IMG-1069","Infant J-160",3,"Male","Validated clinical training image: pushpa_Files/neoBloom/datasets/jaundice/jaundice (160).jpg","High Risk",97.8
"NEO-IMG-1070","Infant J-161",1,"Female","Validated clinical training image: pushpa_Files/neoBloom/datasets/jaundice/jaundice (161).jpg","High Risk",94.3
"NEO-IMG-1071","Infant J-162",4,"Male","Validated clinical training image: pushpa_Files/neoBloom/datasets/jaundice/jaundice (162).jpg","High Risk",93.1
"NEO-IMG-1072","Infant J-163",4,"Male","Validated clinical training image: pushpa_Files/neoBloom/datasets/jaundice/jaundice (163).jpg","High Risk",76.5
"NEO-IMG-1073","Infant J-164",3,"Female","Validated clinical training image: pushpa_Files/neoBloom/datasets/jaundice/jaundice (164).jpg","High Risk",92.5
"NEO-IMG-1074","Infant J-165",1,"Male","Validated clinical training image: pushpa_Files/neoBloom/datasets/jaundice/jaundice (165).jpg","High Risk",98.9
"NEO-IMG-1075","Infant J-166",2,"Female","Validated clinical training image: pushpa_Files/neoBloom/datasets/jaundice/jaundice (166).jpg","High Risk",79.6
"NEO-IMG-1076","Infant J-167",4,"Male","Validated clinical training image: pushpa_Files/neoBloom/datasets/jaundice/jaundice (167).jpg","High Risk",80.9
"NEO-IMG-1077","Infant J-168",3,"Female","Validated clinical training image: pushpa_Files/neoBloom/datasets/jaundice/jaundice (168).jpg","High Risk",93.9
"NEO-IMG-1078","Infant J-169",2,"Male","Validated clinical training image: pushpa_Files/neoBloom/datasets/jaundice/jaundice (169).jpg","High Risk",84
"NEO-IMG-1079","Infant J-17",4,"Female","Validated clinical training image: pushpa_Files/neoBloom/datasets/jaundice/jaundice (17).jpg","High Risk",82.6
"NEO-IMG-1080","Infant J-170",8,"Male","Validated clinical training image: pushpa_Files/neoBloom/datasets/jaundice/jaundice (170).jpg","High Risk",99.2
"NEO-IMG-1081","Infant J-171",4,"Female","Validated clinical training image: pushpa_Files/neoBloom/datasets/jaundice/jaundice (171).jpg","High Risk",81.6
"NEO-IMG-1082","Infant J-172",1,"Male","Validated clinical training image: pushpa_Files/neoBloom/datasets/jaundice/jaundice (172).jpg","High Risk",87.8
"NEO-IMG-1083","Infant J-173",8,"Male","Validated clinical training image: pushpa_Files/neoBloom/datasets/jaundice/jaundice (173).jpg","High Risk",83.4
"NEO-IMG-1084","Infant J-174",3,"Female","Validated clinical training image: pushpa_Files/neoBloom/datasets/jaundice/jaundice (174).jpg","High Risk",75.2
"NEO-IMG-1085","Infant J-175",5,"Female","Validated clinical training image: pushpa_Files/neoBloom/datasets/jaundice/jaundice (175).jpg","High Risk",90.6
"NEO-IMG-1086","Infant J-176",4,"Male","Validated clinical training image: pushpa_Files/neoBloom/datasets/jaundice/jaundice (176).jpg","High Risk",79.3
"NEO-IMG-1087","Infant J-177",2,"Male","Validated clinical training image: pushpa_Files/neoBloom/datasets/jaundice/jaundice (177).jpg","High Risk",92.5
"NEO-IMG-1088","Infant J-178",4,"Male","Validated clinical training image: pushpa_Files/neoBloom/datasets/jaundice/jaundice (178).jpg","High Risk",80.4
"NEO-IMG-1089","Infant J-179",7,"Female","Validated clinical training image: pushpa_Files/neoBloom/datasets/jaundice/jaundice (179).jpg","High Risk",98.2
"NEO-IMG-1090","Infant J-18",3,"Female","Validated clinical training image: pushpa_Files/neoBloom/datasets/jaundice/jaundice (18).jpg","High Risk",84.4
"NEO-IMG-1091","Infant J-180",5,"Female","Validated clinical training image: pushpa_Files/neoBloom/datasets/jaundice/jaundice (180).jpg","High Risk",93.8
"NEO-IMG-1092","Infant J-181",3,"Male","Validated clinical training image: pushpa_Files/neoBloom/datasets/jaundice/jaundice (181).jpg","High Risk",97.7
"NEO-IMG-1093","Infant J-182",5,"Male","Validated clinical training image: pushpa_Files/neoBloom/datasets/jaundice/jaundice (182).jpg","High Risk",89.5
"NEO-IMG-1094","Infant J-183",5,"Male","Validated clinical training image: pushpa_Files/neoBloom/datasets/jaundice/jaundice (183).jpg","High Risk",90
"NEO-IMG-1095","Infant J-184",3,"Male","Validated clinical training image: pushpa_Files/neoBloom/datasets/jaundice/jaundice (184).jpg","High Risk",92.7
"NEO-IMG-1096","Infant J-185",7,"Male","Validated clinical training image: pushpa_Files/neoBloom/datasets/jaundice/jaundice (185).jpg","High Risk",84.5
"NEO-IMG-1097","Infant J-186",7,"Male","Validated clinical training image: pushpa_Files/neoBloom/datasets/jaundice/jaundice (186).jpg","High Risk",92.9
"NEO-IMG-1098","Infant J-187",3,"Female","Validated clinical training image: pushpa_Files/neoBloom/datasets/jaundice/jaundice (187).jpg","High Risk",87.3
"NEO-IMG-1099","Infant J-188",3,"Female","Validated clinical training image: pushpa_Files/neoBloom/datasets/jaundice/jaundice (188).jpg","High Risk",97.4
"NEO-IMG-1100","Infant J-189",1,"Male","Validated clinical training image: pushpa_Files/neoBloom/datasets/jaundice/jaundice (189).jpg","High Risk",86.6
"NEO-IMG-1101","Infant J-19",8,"Female","Validated clinical training image: pushpa_Files/neoBloom/datasets/jaundice/jaundice (19).jpg","High Risk",85.6
"NEO-IMG-1102","Infant J-190",3,"Male","Validated clinical training image: pushpa_Files/neoBloom/datasets/jaundice/jaundice (190).jpg","High Risk",98.4
"NEO-IMG-1103","Infant J-191",7,"Female","Validated clinical training image: pushpa_Files/neoBloom/datasets/jaundice/jaundice (191).jpg","High Risk",75.4
"NEO-IMG-1104","Infant J-192",3,"Female","Validated clinical training image: pushpa_Files/neoBloom/datasets/jaundice/jaundice (192).jpg","High Risk",94.8
"NEO-IMG-1105","Infant J-193",1,"Male","Validated clinical training image: pushpa_Files/neoBloom/datasets/jaundice/jaundice (193).jpg","High Risk",85.2
"NEO-IMG-1106","Infant J-194",4,"Female","Validated clinical training image: pushpa_Files/neoBloom/datasets/jaundice/jaundice (194).jpg","High Risk",82.1
"NEO-IMG-1107","Infant J-195",1,"Male","Validated clinical training image: pushpa_Files/neoBloom/datasets/jaundice/jaundice (195).jpg","High Risk",90.5
"NEO-IMG-1108","Infant J-196",3,"Male","Validated clinical training image: pushpa_Files/neoBloom/datasets/jaundice/jaundice (196).jpg","High Risk",77.8
"NEO-IMG-1109","Infant J-197",6,"Male","Validated clinical training image: pushpa_Files/neoBloom/datasets/jaundice/jaundice (197).jpg","High Risk",83.3
"NEO-IMG-1110","Infant J-198",6,"Male","Validated clinical training image: pushpa_Files/neoBloom/datasets/jaundice/jaundice (198).jpg","High Risk",94.3
"NEO-IMG-1111","Infant J-199",3,"Male","Validated clinical training image: pushpa_Files/neoBloom/datasets/jaundice/jaundice (199).jpg","High Risk",98.5
"NEO-IMG-1112","Infant J-2",8,"Female","Validated clinical training image: pushpa_Files/neoBloom/datasets/jaundice/jaundice (2).jpg","High Risk",95.2
"NEO-IMG-1113","Infant J-20",1,"Female","Validated clinical training image: pushpa_Files/neoBloom/datasets/jaundice/jaundice (20).jpg","High Risk",98.8
"NEO-IMG-1114","Infant J-200",6,"Male","Validated clinical training image: pushpa_Files/neoBloom/datasets/jaundice/jaundice (200).jpg","High Risk",86.9
"NEO-IMG-1115","Infant J-21",5,"Male","Validated clinical training image: pushpa_Files/neoBloom/datasets/jaundice/jaundice (21).jpg","High Risk",96.4
"NEO-IMG-1116","Infant J-22",8,"Male","Validated clinical training image: pushpa_Files/neoBloom/datasets/jaundice/jaundice (22).jpg","High Risk",75.7
"NEO-IMG-1117","Infant J-23",8,"Female","Validated clinical training image: pushpa_Files/neoBloom/datasets/jaundice/jaundice (23).jpg","High Risk",87.6
"NEO-IMG-1118","Infant J-24",3,"Female","Validated clinical training image: pushpa_Files/neoBloom/datasets/jaundice/jaundice (24).jpg","High Risk",98.5
"NEO-IMG-1119","Infant J-25",5,"Female","Validated clinical training image: pushpa_Files/neoBloom/datasets/jaundice/jaundice (25).jpg","High Risk",93.5
"NEO-IMG-1120","Infant J-26",4,"Male","Validated clinical training image: pushpa_Files/neoBloom/datasets/jaundice/jaundice (26).jpg","High Risk",76.2
"NEO-IMG-1121","Infant J-27",3,"Female","Validated clinical training image: pushpa_Files/neoBloom/datasets/jaundice/jaundice (27).jpg","High Risk",95.5
"NEO-IMG-1122","Infant J-28",4,"Female","Validated clinical training image: pushpa_Files/neoBloom/datasets/jaundice/jaundice (28).jpg","High Risk",89.4
"NEO-IMG-1123","Infant J-29",1,"Male","Validated clinical training image: pushpa_Files/neoBloom/datasets/jaundice/jaundice (29).jpg","High Risk",81
"NEO-IMG-1124","Infant J-3",1,"Male","Validated clinical training image: pushpa_Files/neoBloom/datasets/jaundice/jaundice (3).jpg","High Risk",93
"NEO-IMG-1125","Infant J-30",2,"Female","Validated clinical training image: pushpa_Files/neoBloom/datasets/jaundice/jaundice (30).jpg","High Risk",95.8
"NEO-IMG-1126","Infant J-31",5,"Female","Validated clinical training image: pushpa_Files/neoBloom/datasets/jaundice/jaundice (31).jpg","High Risk",95.5
"NEO-IMG-1127","Infant J-32",7,"Male","Validated clinical training image: pushpa_Files/neoBloom/datasets/jaundice/jaundice (32).jpg","High Risk",93.5
"NEO-IMG-1128","Infant J-33",1,"Male","Validated clinical training image: pushpa_Files/neoBloom/datasets/jaundice/jaundice (33).jpg","High Risk",94.2
"NEO-IMG-1129","Infant J-34",7,"Female","Validated clinical training image: pushpa_Files/neoBloom/datasets/jaundice/jaundice (34).jpg","High Risk",90.5
"NEO-IMG-1130","Infant J-35",4,"Male","Validated clinical training image: pushpa_Files/neoBloom/datasets/jaundice/jaundice (35).jpg","High Risk",98.8
"NEO-IMG-1131","Infant J-36",3,"Male","Validated clinical training image: pushpa_Files/neoBloom/datasets/jaundice/jaundice (36).jpg","High Risk",91.3
"NEO-IMG-1132","Infant J-37",8,"Male","Validated clinical training image: pushpa_Files/neoBloom/datasets/jaundice/jaundice (37).jpg","High Risk",85.6
"NEO-IMG-1133","Infant J-38",7,"Female","Validated clinical training image: pushpa_Files/neoBloom/datasets/jaundice/jaundice (38).jpg","High Risk",80.9
"NEO-IMG-1134","Infant J-39",2,"Male","Validated clinical training image: pushpa_Files/neoBloom/datasets/jaundice/jaundice (39).jpg","High Risk",90.7
"NEO-IMG-1135","Infant J-4",4,"Male","Validated clinical training image: pushpa_Files/neoBloom/datasets/jaundice/jaundice (4).jpg","High Risk",79.7
"NEO-IMG-1136","Infant J-40",8,"Male","Validated clinical training image: pushpa_Files/neoBloom/datasets/jaundice/jaundice (40).jpg","High Risk",89.1
"NEO-IMG-1137","Infant J-41",4,"Male","Validated clinical training image: pushpa_Files/neoBloom/datasets/jaundice/jaundice (41).jpg","High Risk",83.5
"NEO-IMG-1138","Infant J-42",7,"Female","Validated clinical training image: pushpa_Files/neoBloom/datasets/jaundice/jaundice (42).jpg","High Risk",83.4
"NEO-IMG-1139","Infant J-43",1,"Female","Validated clinical training image: pushpa_Files/neoBloom/datasets/jaundice/jaundice (43).jpg","High Risk",77.9
"NEO-IMG-1140","Infant J-44",3,"Female","Validated clinical training image: pushpa_Files/neoBloom/datasets/jaundice/jaundice (44).jpg","High Risk",98.5
"NEO-IMG-1141","Infant J-45",4,"Male","Validated clinical training image: pushpa_Files/neoBloom/datasets/jaundice/jaundice (45).jpg","High Risk",82.1
"NEO-IMG-1142","Infant J-46",8,"Male","Validated clinical training image: pushpa_Files/neoBloom/datasets/jaundice/jaundice (46).jpg","High Risk",86.2
"NEO-IMG-1143","Infant J-47",2,"Male","Validated clinical training image: pushpa_Files/neoBloom/datasets/jaundice/jaundice (47).jpg","High Risk",85.6
"NEO-IMG-1144","Infant J-48",8,"Female","Validated clinical training image: pushpa_Files/neoBloom/datasets/jaundice/jaundice (48).jpg","High Risk",88.8
"NEO-IMG-1145","Infant J-49",8,"Male","Validated clinical training image: pushpa_Files/neoBloom/datasets/jaundice/jaundice (49).jpg","High Risk",98.7
"NEO-IMG-1146","Infant J-5",4,"Male","Validated clinical training image: pushpa_Files/neoBloom/datasets/jaundice/jaundice (5).jpg","High Risk",84.4
"NEO-IMG-1147","Infant J-50",6,"Male","Validated clinical training image: pushpa_Files/neoBloom/datasets/jaundice/jaundice (50).jpg","High Risk",87.8
"NEO-IMG-1148","Infant J-51",6,"Female","Validated clinical training image: pushpa_Files/neoBloom/datasets/jaundice/jaundice (51).jpg","High Risk",94.2
"NEO-IMG-1149","Infant J-52",8,"Female","Validated clinical training image: pushpa_Files/neoBloom/datasets/jaundice/jaundice (52).jpg","High Risk",77.2
"NEO-IMG-1150","Infant J-53",6,"Female","Validated clinical training image: pushpa_Files/neoBloom/datasets/jaundice/jaundice (53).jpg","High Risk",94.9
"NEO-IMG-1151","Infant J-54",5,"Male","Validated clinical training image: pushpa_Files/neoBloom/datasets/jaundice/jaundice (54).jpg","High Risk",95.4
"NEO-IMG-1152","Infant J-55",1,"Female","Validated clinical training image: pushpa_Files/neoBloom/datasets/jaundice/jaundice (55).jpg","High Risk",93.1
"NEO-IMG-1153","Infant J-56",1,"Male","Validated clinical training image: pushpa_Files/neoBloom/datasets/jaundice/jaundice (56).jpg","High Risk",87.5
"NEO-IMG-1154","Infant J-57",2,"Female","Validated clinical training image: pushpa_Files/neoBloom/datasets/jaundice/jaundice (57).jpg","High Risk",95.7
"NEO-IMG-1155","Infant J-58",3,"Male","Validated clinical training image: pushpa_Files/neoBloom/datasets/jaundice/jaundice (58).jpg","High Risk",95.7
"NEO-IMG-1156","Infant J-59",1,"Male","Validated clinical training image: pushpa_Files/neoBloom/datasets/jaundice/jaundice (59).jpg","High Risk",94.3
"NEO-IMG-1157","Infant J-6",2,"Male","Validated clinical training image: pushpa_Files/neoBloom/datasets/jaundice/jaundice (6).jpg","High Risk",86.4
"NEO-IMG-1158","Infant J-60",6,"Male","Validated clinical training image: pushpa_Files/neoBloom/datasets/jaundice/jaundice (60).jpg","High Risk",76.6
"NEO-IMG-1159","Infant J-61",8,"Male","Validated clinical training image: pushpa_Files/neoBloom/datasets/jaundice/jaundice (61).jpg","High Risk",89
"NEO-IMG-1160","Infant J-62",6,"Male","Validated clinical training image: pushpa_Files/neoBloom/datasets/jaundice/jaundice (62).jpg","High Risk",79.4
"NEO-IMG-1161","Infant J-63",5,"Male","Validated clinical training image: pushpa_Files/neoBloom/datasets/jaundice/jaundice (63).jpg","High Risk",88.6
"NEO-IMG-1162","Infant J-64",7,"Female","Validated clinical training image: pushpa_Files/neoBloom/datasets/jaundice/jaundice (64).jpg","High Risk",94.5
"NEO-IMG-1163","Infant J-65",4,"Female","Validated clinical training image: pushpa_Files/neoBloom/datasets/jaundice/jaundice (65).jpg","High Risk",98.5
"NEO-IMG-1164","Infant J-66",8,"Female","Validated clinical training image: pushpa_Files/neoBloom/datasets/jaundice/jaundice (66).jpg","High Risk",85.4
"NEO-IMG-1165","Infant J-67",2,"Male","Validated clinical training image: pushpa_Files/neoBloom/datasets/jaundice/jaundice (67).jpg","High Risk",83.2
"NEO-IMG-1166","Infant J-68",8,"Male","Validated clinical training image: pushpa_Files/neoBloom/datasets/jaundice/jaundice (68).jpg","High Risk",75.4
"NEO-IMG-1167","Infant J-69",6,"Female","Validated clinical training image: pushpa_Files/neoBloom/datasets/jaundice/jaundice (69).jpg","High Risk",96.9
"NEO-IMG-1168","Infant J-7",1,"Female","Validated clinical training image: pushpa_Files/neoBloom/datasets/jaundice/jaundice (7).jpg","High Risk",86.6
"NEO-IMG-1169","Infant J-70",1,"Male","Validated clinical training image: pushpa_Files/neoBloom/datasets/jaundice/jaundice (70).jpg","High Risk",99.3
"NEO-IMG-1170","Infant J-71",7,"Female","Validated clinical training image: pushpa_Files/neoBloom/datasets/jaundice/jaundice (71).jpg","High Risk",92.9
"NEO-IMG-1171","Infant J-72",1,"Male","Validated clinical training image: pushpa_Files/neoBloom/datasets/jaundice/jaundice (72).jpg","High Risk",91.8
"NEO-IMG-1172","Infant J-73",4,"Female","Validated clinical training image: pushpa_Files/neoBloom/datasets/jaundice/jaundice (73).jpg","High Risk",83.4
"NEO-IMG-1173","Infant J-74",1,"Male","Validated clinical training image: pushpa_Files/neoBloom/datasets/jaundice/jaundice (74).jpg","High Risk",98.8
"NEO-IMG-1174","Infant J-75",7,"Female","Validated clinical training image: pushpa_Files/neoBloom/datasets/jaundice/jaundice (75).jpg","High Risk",97.3
"NEO-IMG-1175","Infant J-76",3,"Female","Validated clinical training image: pushpa_Files/neoBloom/datasets/jaundice/jaundice (76).jpg","High Risk",77.2
"NEO-IMG-1176","Infant J-77",3,"Male","Validated clinical training image: pushpa_Files/neoBloom/datasets/jaundice/jaundice (77).jpg","High Risk",83.4
"NEO-IMG-1177","Infant J-78",4,"Female","Validated clinical training image: pushpa_Files/neoBloom/datasets/jaundice/jaundice (78).jpg","High Risk",96.4
"NEO-IMG-1178","Infant J-79",6,"Female","Validated clinical training image: pushpa_Files/neoBloom/datasets/jaundice/jaundice (79).jpg","High Risk",99
"NEO-IMG-1179","Infant J-8",6,"Male","Validated clinical training image: pushpa_Files/neoBloom/datasets/jaundice/jaundice (8).jpg","High Risk",96.2
"NEO-IMG-1180","Infant J-80",2,"Female","Validated clinical training image: pushpa_Files/neoBloom/datasets/jaundice/jaundice (80).jpg","High Risk",78.1
"NEO-IMG-1181","Infant J-81",4,"Male","Validated clinical training image: pushpa_Files/neoBloom/datasets/jaundice/jaundice (81).jpg","High Risk",80.5
"NEO-IMG-1182","Infant J-82",6,"Male","Validated clinical training image: pushpa_Files/neoBloom/datasets/jaundice/jaundice (82).jpg","High Risk",87
"NEO-IMG-1183","Infant J-83",4,"Female","Validated clinical training image: pushpa_Files/neoBloom/datasets/jaundice/jaundice (83).jpg","High Risk",96.1
"NEO-IMG-1184","Infant J-84",4,"Male","Validated clinical training image: pushpa_Files/neoBloom/datasets/jaundice/jaundice (84).jpg","High Risk",94.2
"NEO-IMG-1185","Infant J-85",5,"Male","Validated clinical training image: pushpa_Files/neoBloom/datasets/jaundice/jaundice (85).jpg","High Risk",93.5
"NEO-IMG-1186","Infant J-86",8,"Male","Validated clinical training image: pushpa_Files/neoBloom/datasets/jaundice/jaundice (86).jpg","High Risk",86
"NEO-IMG-1187","Infant J-87",2,"Female","Validated clinical training image: pushpa_Files/neoBloom/datasets/jaundice/jaundice (87).jpg","High Risk",98.5
"NEO-IMG-1188","Infant J-88",6,"Male","Validated clinical training image: pushpa_Files/neoBloom/datasets/jaundice/jaundice (88).jpg","High Risk",85.1
"NEO-IMG-1189","Infant J-89",3,"Female","Validated clinical training image: pushpa_Files/neoBloom/datasets/jaundice/jaundice (89).jpg","High Risk",78
"NEO-IMG-1190","Infant J-9",8,"Female","Validated clinical training image: pushpa_Files/neoBloom/datasets/jaundice/jaundice (9).jpg","High Risk",90.7
"NEO-IMG-1191","Infant J-90",2,"Female","Validated clinical training image: pushpa_Files/neoBloom/datasets/jaundice/jaundice (90).jpg","High Risk",76.5
"NEO-IMG-1192","Infant J-91",8,"Female","Validated clinical training image: pushpa_Files/neoBloom/datasets/jaundice/jaundice (91).jpg","High Risk",98.7
"NEO-IMG-1193","Infant J-92",2,"Female","Validated clinical training image: pushpa_Files/neoBloom/datasets/jaundice/jaundice (92).jpg","High Risk",85.5
"NEO-IMG-1194","Infant J-93",8,"Male","Validated clinical training image: pushpa_Files/neoBloom/datasets/jaundice/jaundice (93).jpg","High Risk",79.5
"NEO-IMG-1195","Infant J-94",5,"Female","Validated clinical training image: pushpa_Files/neoBloom/datasets/jaundice/jaundice (94).jpg","High Risk",90.6
"NEO-IMG-1196","Infant J-95",1,"Female","Validated clinical training image: pushpa_Files/neoBloom/datasets/jaundice/jaundice (95).jpg","High Risk",80
"NEO-IMG-1197","Infant J-96",5,"Male","Validated clinical training image: pushpa_Files/neoBloom/datasets/jaundice/jaundice (96).jpg","High Risk",95.9
"NEO-IMG-1198","Infant J-97",3,"Female","Validated clinical training image: pushpa_Files/neoBloom/datasets/jaundice/jaundice (97).jpg","High Risk",99
"NEO-IMG-1199","Infant J-98",2,"Male","Validated clinical training image: pushpa_Files/neoBloom/datasets/jaundice/jaundice (98).jpg","High Risk",81.2
"NEO-IMG-1200","Infant J-99",2,"Female","Validated clinical training image: pushpa_Files/neoBloom/datasets/jaundice/jaundice (99).jpg","High Risk",82
"NEO-IMG-1201","Infant N-1",1,"Female","Validated clinical training image: pushpa_Files/neoBloom/datasets/normal/normal (1).jpg","Normal",18.6
"NEO-IMG-1202","Infant N-1000",8,"Male","Validated clinical training image: pushpa_Files/neoBloom/datasets/normal/normal (1000).jpg","Normal",12.2
"NEO-IMG-1203","Infant N-1001",1,"Male","Validated clinical training image: pushpa_Files/neoBloom/datasets/normal/normal (1001).jpg","Normal",10
"NEO-IMG-1204","Infant N-1002",7,"Male","Validated clinical training image: pushpa_Files/neoBloom/datasets/normal/normal (1002).jpg","Normal",12.5
"NEO-IMG-1205","Infant N-1003",8,"Male","Validated clinical training image: pushpa_Files/neoBloom/datasets/normal/normal (1003).jpg","Normal",14.4
"NEO-IMG-1206","Infant N-1004",5,"Female","Validated clinical training image: pushpa_Files/neoBloom/datasets/normal/normal (1004).jpg","Normal",14.2
"NEO-IMG-1207","Infant N-1005",3,"Male","Validated clinical training image: pushpa_Files/neoBloom/datasets/normal/normal (1005).jpg","Normal",13.4
"NEO-IMG-1208","Infant N-1006",7,"Male","Validated clinical training image: pushpa_Files/neoBloom/datasets/normal/normal (1006).jpg","Normal",23.2
"NEO-IMG-1209","Infant N-1007",6,"Male","Validated clinical training image: pushpa_Files/neoBloom/datasets/normal/normal (1007).jpg","Normal",21.3
"NEO-IMG-1210","Infant N-1008",5,"Male","Validated clinical training image: pushpa_Files/neoBloom/datasets/normal/normal (1008).jpg","Normal",25.8
"NEO-IMG-1211","Infant N-1009",2,"Male","Validated clinical training image: pushpa_Files/neoBloom/datasets/normal/normal (1009).jpg","Normal",24.8
"NEO-IMG-1212","Infant N-1010",6,"Female","Validated clinical training image: pushpa_Files/neoBloom/datasets/normal/normal (1010).jpg","Normal",16.5
"NEO-IMG-1213","Infant N-1011",6,"Male","Validated clinical training image: pushpa_Files/neoBloom/datasets/normal/normal (1011).jpg","Normal",9.8
"NEO-IMG-1214","Infant N-1012",7,"Female","Validated clinical training image: pushpa_Files/neoBloom/datasets/normal/normal (1012).jpg","Normal",26.3
"NEO-IMG-1215","Infant N-1013",5,"Female","Validated clinical training image: pushpa_Files/neoBloom/datasets/normal/normal (1013).jpg","Normal",13.1
"NEO-IMG-1216","Infant N-1014",6,"Male","Validated clinical training image: pushpa_Files/neoBloom/datasets/normal/normal (1014).jpg","Normal",22
"NEO-IMG-1217","Infant N-1015",1,"Male","Validated clinical training image: pushpa_Files/neoBloom/datasets/normal/normal (1015).jpg","Normal",27.3
"NEO-IMG-1218","Infant N-1016",4,"Female","Validated clinical training image: pushpa_Files/neoBloom/datasets/normal/normal (1016).jpg","Normal",11.5
"NEO-IMG-1219","Infant N-1017",3,"Female","Validated clinical training image: pushpa_Files/neoBloom/datasets/normal/normal (1017).jpg","Normal",11.6
"NEO-IMG-1220","Infant N-1018",6,"Male","Validated clinical training image: pushpa_Files/neoBloom/datasets/normal/normal (1018).jpg","Normal",14.3
"NEO-IMG-1221","Infant N-1019",7,"Male","Validated clinical training image: pushpa_Files/neoBloom/datasets/normal/normal (1019).jpg","Normal",16.9
"NEO-IMG-1222","Infant N-1020",1,"Female","Validated clinical training image: pushpa_Files/neoBloom/datasets/normal/normal (1020).jpg","Normal",27.8
"NEO-IMG-1223","Infant N-1021",5,"Male","Validated clinical training image: pushpa_Files/neoBloom/datasets/normal/normal (1021).jpg","Normal",24.3
"NEO-IMG-1224","Infant N-1022",3,"Female","Validated clinical training image: pushpa_Files/neoBloom/datasets/normal/normal (1022).jpg","Normal",27.5
"NEO-IMG-1225","Infant N-1023",3,"Female","Validated clinical training image: pushpa_Files/neoBloom/datasets/normal/normal (1023).jpg","Normal",13
"NEO-IMG-1226","Infant N-1024",8,"Female","Validated clinical training image: pushpa_Files/neoBloom/datasets/normal/normal (1024).jpg","Normal",16.2
"NEO-IMG-1227","Infant N-1025",3,"Male","Validated clinical training image: pushpa_Files/neoBloom/datasets/normal/normal (1025).jpg","Normal",22.6
"NEO-IMG-1228","Infant N-1026",2,"Male","Validated clinical training image: pushpa_Files/neoBloom/datasets/normal/normal (1026).jpg","Normal",19.5
"NEO-IMG-1229","Infant N-1027",3,"Female","Validated clinical training image: pushpa_Files/neoBloom/datasets/normal/normal (1027).jpg","Normal",19.7
"NEO-IMG-1230","Infant N-1028",6,"Female","Validated clinical training image: pushpa_Files/neoBloom/datasets/normal/normal (1028).jpg","Normal",13.7
"NEO-IMG-1231","Infant N-1029",4,"Male","Validated clinical training image: pushpa_Files/neoBloom/datasets/normal/normal (1029).jpg","Normal",23.5
"NEO-IMG-1232","Infant N-1030",8,"Female","Validated clinical training image: pushpa_Files/neoBloom/datasets/normal/normal (1030).jpg","Normal",16.2
"NEO-IMG-1233","Infant N-1031",5,"Male","Validated clinical training image: pushpa_Files/neoBloom/datasets/normal/normal (1031).jpg","Normal",13.4
"NEO-IMG-1234","Infant N-1032",7,"Male","Validated clinical training image: pushpa_Files/neoBloom/datasets/normal/normal (1032).jpg","Normal",20.6
"NEO-IMG-1235","Infant N-1033",2,"Female","Validated clinical training image: pushpa_Files/neoBloom/datasets/normal/normal (1033).jpg","Normal",22.4
"NEO-IMG-1236","Infant N-1034",2,"Female","Validated clinical training image: pushpa_Files/neoBloom/datasets/normal/normal (1034).jpg","Normal",5.9
"NEO-IMG-1237","Infant N-1035",7,"Male","Validated clinical training image: pushpa_Files/neoBloom/datasets/normal/normal (1035).jpg","Normal",29
"NEO-IMG-1238","Infant N-1036",1,"Male","Validated clinical training image: pushpa_Files/neoBloom/datasets/normal/normal (1036).jpg","Normal",23.9
"NEO-IMG-1239","Infant N-1037",7,"Female","Validated clinical training image: pushpa_Files/neoBloom/datasets/normal/normal (1037).jpg","Normal",12.8
"NEO-IMG-1240","Infant N-1038",8,"Female","Validated clinical training image: pushpa_Files/neoBloom/datasets/normal/normal (1038).jpg","Normal",21.1
"NEO-IMG-1241","Infant N-1039",2,"Male","Validated clinical training image: pushpa_Files/neoBloom/datasets/normal/normal (1039).jpg","Normal",9.5
"NEO-IMG-1242","Infant N-1040",6,"Male","Validated clinical training image: pushpa_Files/neoBloom/datasets/normal/normal (1040).jpg","Normal",7.4
"NEO-IMG-1243","Infant N-1041",6,"Male","Validated clinical training image: pushpa_Files/neoBloom/datasets/normal/normal (1041).jpg","Normal",28.3
"NEO-IMG-1244","Infant N-1042",7,"Male","Validated clinical training image: pushpa_Files/neoBloom/datasets/normal/normal (1042).jpg","Normal",18
"NEO-IMG-1245","Infant N-1043",1,"Female","Validated clinical training image: pushpa_Files/neoBloom/datasets/normal/normal (1043).jpg","Normal",13.4
"NEO-IMG-1246","Infant N-1044",7,"Male","Validated clinical training image: pushpa_Files/neoBloom/datasets/normal/normal (1044).jpg","Normal",9.9
"NEO-IMG-1247","Infant N-1045",4,"Female","Validated clinical training image: pushpa_Files/neoBloom/datasets/normal/normal (1045).jpg","Normal",10.6
"NEO-IMG-1248","Infant N-1046",4,"Male","Validated clinical training image: pushpa_Files/neoBloom/datasets/normal/normal (1046).jpg","Normal",15.7
"NEO-IMG-1249","Infant N-1047",4,"Male","Validated clinical training image: pushpa_Files/neoBloom/datasets/normal/normal (1047).jpg","Normal",20.7
"NEO-IMG-1250","Infant N-1048",3,"Male","Validated clinical training image: pushpa_Files/neoBloom/datasets/normal/normal (1048).jpg","Normal",26.1
"NEO-IMG-1251","Infant N-1049",4,"Male","Validated clinical training image: pushpa_Files/neoBloom/datasets/normal/normal (1049).jpg","Normal",15.6
"NEO-IMG-1252","Infant N-1050",1,"Male","Validated clinical training image: pushpa_Files/neoBloom/datasets/normal/normal (1050).jpg","Normal",7.3
"NEO-IMG-1253","Infant N-1051",1,"Male","Validated clinical training image: pushpa_Files/neoBloom/datasets/normal/normal (1051).jpg","Normal",19.7
"NEO-IMG-1254","Infant N-1052",5,"Female","Validated clinical training image: pushpa_Files/neoBloom/datasets/normal/normal (1052).jpg","Normal",19.4
"NEO-IMG-1255","Infant N-1053",3,"Male","Validated clinical training image: pushpa_Files/neoBloom/datasets/normal/normal (1053).jpg","Normal",14
"NEO-IMG-1256","Infant N-1054",4,"Male","Validated clinical training image: pushpa_Files/neoBloom/datasets/normal/normal (1054).jpg","Normal",6.6
"NEO-IMG-1257","Infant N-1055",7,"Male","Validated clinical training image: pushpa_Files/neoBloom/datasets/normal/normal (1055).jpg","Normal",16.1
"NEO-IMG-1258","Infant N-1056",3,"Female","Validated clinical training image: pushpa_Files/neoBloom/datasets/normal/normal (1056).jpg","Normal",9.4
"NEO-IMG-1259","Infant N-1057",6,"Male","Validated clinical training image: pushpa_Files/neoBloom/datasets/normal/normal (1057).jpg","Normal",27.9
"NEO-IMG-1260","Infant N-1058",5,"Male","Validated clinical training image: pushpa_Files/neoBloom/datasets/normal/normal (1058).jpg","Normal",13.7
"NEO-IMG-1261","Infant N-1059",5,"Female","Validated clinical training image: pushpa_Files/neoBloom/datasets/normal/normal (1059).jpg","Normal",25.8
"NEO-IMG-1262","Infant N-1060",3,"Male","Validated clinical training image: pushpa_Files/neoBloom/datasets/normal/normal (1060).jpg","Normal",17.8
"NEO-IMG-1263","Infant N-1061",6,"Female","Validated clinical training image: pushpa_Files/neoBloom/datasets/normal/normal (1061).jpg","Normal",17.7
"NEO-IMG-1264","Infant N-1062",3,"Female","Validated clinical training image: pushpa_Files/neoBloom/datasets/normal/normal (1062).jpg","Normal",12.4
"NEO-IMG-1265","Infant N-1063",1,"Male","Validated clinical training image: pushpa_Files/neoBloom/datasets/normal/normal (1063).jpg","Normal",11.9
"NEO-IMG-1266","Infant N-1064",1,"Male","Validated clinical training image: pushpa_Files/neoBloom/datasets/normal/normal (1064).jpg","Normal",17.3
"NEO-IMG-1267","Infant N-1065",7,"Female","Validated clinical training image: pushpa_Files/neoBloom/datasets/normal/normal (1065).jpg","Normal",22.9
"NEO-IMG-1268","Infant N-1066",7,"Female","Validated clinical training image: pushpa_Files/neoBloom/datasets/normal/normal (1066).jpg","Normal",20.7
"NEO-IMG-1269","Infant N-1067",4,"Male","Validated clinical training image: pushpa_Files/neoBloom/datasets/normal/normal (1067).jpg","Normal",5.4
"NEO-IMG-1270","Infant N-1068",6,"Male","Validated clinical training image: pushpa_Files/neoBloom/datasets/normal/normal (1068).jpg","Normal",12.4
"NEO-IMG-1271","Infant N-1069",4,"Female","Validated clinical training image: pushpa_Files/neoBloom/datasets/normal/normal (1069).jpg","Normal",7.8
"NEO-IMG-1272","Infant N-1070",6,"Female","Validated clinical training image: pushpa_Files/neoBloom/datasets/normal/normal (1070).jpg","Normal",16.2
"NEO-IMG-1273","Infant N-1071",5,"Male","Validated clinical training image: pushpa_Files/neoBloom/datasets/normal/normal (1071).jpg","Normal",16.8
"NEO-IMG-1274","Infant N-1072",8,"Female","Validated clinical training image: pushpa_Files/neoBloom/datasets/normal/normal (1072).jpg","Normal",21.4
"NEO-IMG-1275","Infant N-1073",1,"Male","Validated clinical training image: pushpa_Files/neoBloom/datasets/normal/normal (1073).jpg","Normal",10.7
"NEO-IMG-1276","Infant N-1074",7,"Female","Validated clinical training image: pushpa_Files/neoBloom/datasets/normal/normal (1074).jpg","Normal",9.2
"NEO-IMG-1277","Infant N-1075",1,"Female","Validated clinical training image: pushpa_Files/neoBloom/datasets/normal/normal (1075).jpg","Normal",9
"NEO-IMG-1278","Infant N-1076",1,"Female","Validated clinical training image: pushpa_Files/neoBloom/datasets/normal/normal (1076).jpg","Normal",26.1
"NEO-IMG-1279","Infant N-1077",6,"Male","Validated clinical training image: pushpa_Files/neoBloom/datasets/normal/normal (1077).jpg","Normal",7.9
"NEO-IMG-1280","Infant N-1078",3,"Male","Validated clinical training image: pushpa_Files/neoBloom/datasets/normal/normal (1078).jpg","Normal",27.8
"NEO-IMG-1281","Infant N-1079",6,"Female","Validated clinical training image: pushpa_Files/neoBloom/datasets/normal/normal (1079).jpg","Normal",18
"NEO-IMG-1282","Infant N-1080",5,"Male","Validated clinical training image: pushpa_Files/neoBloom/datasets/normal/normal (1080).jpg","Normal",24.4
"NEO-IMG-1283","Infant N-1081",4,"Male","Validated clinical training image: pushpa_Files/neoBloom/datasets/normal/normal (1081).jpg","Normal",14.9
"NEO-IMG-1284","Infant N-1082",7,"Male","Validated clinical training image: pushpa_Files/neoBloom/datasets/normal/normal (1082).jpg","Normal",7.9
"NEO-IMG-1285","Infant N-1083",1,"Female","Validated clinical training image: pushpa_Files/neoBloom/datasets/normal/normal (1083).jpg","Normal",22.7
"NEO-IMG-1286","Infant N-1084",7,"Female","Validated clinical training image: pushpa_Files/neoBloom/datasets/normal/normal (1084).jpg","Normal",16.1
"NEO-IMG-1287","Infant N-1085",4,"Male","Validated clinical training image: pushpa_Files/neoBloom/datasets/normal/normal (1085).jpg","Normal",22.7
"NEO-IMG-1288","Infant N-1086",8,"Male","Validated clinical training image: pushpa_Files/neoBloom/datasets/normal/normal (1086).jpg","Normal",10
"NEO-IMG-1289","Infant N-1087",6,"Male","Validated clinical training image: pushpa_Files/neoBloom/datasets/normal/normal (1087).jpg","Normal",17.4
"NEO-IMG-1290","Infant N-1088",2,"Female","Validated clinical training image: pushpa_Files/neoBloom/datasets/normal/normal (1088).jpg","Normal",20.9
"NEO-IMG-1291","Infant N-1089",7,"Male","Validated clinical training image: pushpa_Files/neoBloom/datasets/normal/normal (1089).jpg","Normal",23.4
"NEO-IMG-1292","Infant N-1090",3,"Male","Validated clinical training image: pushpa_Files/neoBloom/datasets/normal/normal (1090).jpg","Normal",24.7
"NEO-IMG-1293","Infant N-1091",4,"Male","Validated clinical training image: pushpa_Files/neoBloom/datasets/normal/normal (1091).jpg","Normal",20.2
"NEO-IMG-1294","Infant N-1092",4,"Female","Validated clinical training image: pushpa_Files/neoBloom/datasets/normal/normal (1092).jpg","Normal",10.8
"NEO-IMG-1295","Infant N-1093",2,"Male","Validated clinical training image: pushpa_Files/neoBloom/datasets/normal/normal (1093).jpg","Normal",24
"NEO-IMG-1296","Infant N-1094",7,"Male","Validated clinical training image: pushpa_Files/neoBloom/datasets/normal/normal (1094).jpg","Normal",19.8
"NEO-IMG-1297","Infant N-1095",3,"Female","Validated clinical training image: pushpa_Files/neoBloom/datasets/normal/normal (1095).jpg","Normal",21.7
"NEO-IMG-1298","Infant N-1096",8,"Male","Validated clinical training image: pushpa_Files/neoBloom/datasets/normal/normal (1096).jpg","Normal",27.2
"NEO-IMG-1299","Infant N-1097",2,"Female","Validated clinical training image: pushpa_Files/neoBloom/datasets/normal/normal (1097).jpg","Normal",7.1
"NEO-IMG-1300","Infant N-1098",2,"Female","Validated clinical training image: pushpa_Files/neoBloom/datasets/normal/normal (1098).jpg","Normal",14.2
"NEO-IMG-1301","Infant N-1099",3,"Female","Validated clinical training image: pushpa_Files/neoBloom/datasets/normal/normal (1099).jpg","Normal",25.5
"NEO-IMG-1302","Infant N-1100",6,"Female","Validated clinical training image: pushpa_Files/neoBloom/datasets/normal/normal (1100).jpg","Normal",26.1
"NEO-IMG-1303","Infant N-1101",5,"Male","Validated clinical training image: pushpa_Files/neoBloom/datasets/normal/normal (1101).jpg","Normal",11.2
"NEO-IMG-1304","Infant N-1102",6,"Male","Validated clinical training image: pushpa_Files/neoBloom/datasets/normal/normal (1102).jpg","Normal",6.5
"NEO-IMG-1305","Infant N-1103",8,"Male","Validated clinical training image: pushpa_Files/neoBloom/datasets/normal/normal (1103).jpg","Normal",28.6
"NEO-IMG-1306","Infant N-1104",5,"Female","Validated clinical training image: pushpa_Files/neoBloom/datasets/normal/normal (1104).jpg","Normal",22.4
"NEO-IMG-1307","Infant N-1105",3,"Male","Validated clinical training image: pushpa_Files/neoBloom/datasets/normal/normal (1105).jpg","Normal",28
"NEO-IMG-1308","Infant N-1106",7,"Female","Validated clinical training image: pushpa_Files/neoBloom/datasets/normal/normal (1106).jpg","Normal",15.4
"NEO-IMG-1309","Infant N-1107",1,"Male","Validated clinical training image: pushpa_Files/neoBloom/datasets/normal/normal (1107).jpg","Normal",12.6
"NEO-IMG-1310","Infant N-1108",5,"Female","Validated clinical training image: pushpa_Files/neoBloom/datasets/normal/normal (1108).jpg","Normal",22.9
"NEO-IMG-1311","Infant N-1109",5,"Male","Validated clinical training image: pushpa_Files/neoBloom/datasets/normal/normal (1109).jpg","Normal",29.2
"NEO-IMG-1312","Infant N-1110",4,"Male","Validated clinical training image: pushpa_Files/neoBloom/datasets/normal/normal (1110).jpg","Normal",26.2
"NEO-IMG-1313","Infant N-1111",5,"Female","Validated clinical training image: pushpa_Files/neoBloom/datasets/normal/normal (1111).jpg","Normal",10.2
"NEO-IMG-1314","Infant N-1112",7,"Male","Validated clinical training image: pushpa_Files/neoBloom/datasets/normal/normal (1112).jpg","Normal",23.5
"NEO-IMG-1315","Infant N-1113",1,"Female","Validated clinical training image: pushpa_Files/neoBloom/datasets/normal/normal (1113).jpg","Normal",30
"NEO-IMG-1316","Infant N-1114",6,"Male","Validated clinical training image: pushpa_Files/neoBloom/datasets/normal/normal (1114).jpg","Normal",16.7
"NEO-IMG-1317","Infant N-1115",7,"Male","Validated clinical training image: pushpa_Files/neoBloom/datasets/normal/normal (1115).jpg","Normal",6.1
"NEO-IMG-1318","Infant N-1116",4,"Male","Validated clinical training image: pushpa_Files/neoBloom/datasets/normal/normal (1116).jpg","Normal",6.2
"NEO-IMG-1319","Infant N-1117",5,"Female","Validated clinical training image: pushpa_Files/neoBloom/datasets/normal/normal (1117).jpg","Normal",20.8
"NEO-IMG-1320","Infant N-1118",1,"Female","Validated clinical training image: pushpa_Files/neoBloom/datasets/normal/normal (1118).jpg","Normal",21.1
"NEO-IMG-1321","Infant N-1119",8,"Male","Validated clinical training image: pushpa_Files/neoBloom/datasets/normal/normal (1119).jpg","Normal",21
"NEO-IMG-1322","Infant N-174",3,"Female","Validated clinical training image: pushpa_Files/neoBloom/datasets/normal/normal (174).jpg","Normal",11.5
"NEO-IMG-1323","Infant N-400",7,"Male","Validated clinical training image: pushpa_Files/neoBloom/datasets/normal/normal (400).jpg","Normal",21.3
"NEO-IMG-1324","Infant N-558",4,"Male","Validated clinical training image: pushpa_Files/neoBloom/datasets/normal/normal (558).jpg","Normal",10.6
"NEO-IMG-1325","Infant N-564",7,"Female","Validated clinical training image: pushpa_Files/neoBloom/datasets/normal/normal (564).jpg","Normal",9.7
"NEO-IMG-1326","Infant N-565",7,"Male","Validated clinical training image: pushpa_Files/neoBloom/datasets/normal/normal (565).jpg","Normal",16.3
"NEO-IMG-1327","Infant N-566",4,"Male","Validated clinical training image: pushpa_Files/neoBloom/datasets/normal/normal (566).jpg","Normal",5.5
"NEO-IMG-1328","Infant N-567",6,"Male","Validated clinical training image: pushpa_Files/neoBloom/datasets/normal/normal (567).jpg","Normal",11.1
"NEO-IMG-1329","Infant N-568",1,"Male","Validated clinical training image: pushpa_Files/neoBloom/datasets/normal/normal (568).jpg","Normal",28.7
"NEO-IMG-1330","Infant N-569",2,"Female","Validated clinical training image: pushpa_Files/neoBloom/datasets/normal/normal (569).jpg","Normal",6.5
"NEO-IMG-1331","Infant N-570",7,"Male","Validated clinical training image: pushpa_Files/neoBloom/datasets/normal/normal (570).jpg","Normal",24.9
"NEO-IMG-1332","Infant N-571",4,"Male","Validated clinical training image: pushpa_Files/neoBloom/datasets/normal/normal (571).jpg","Normal",22.7
"NEO-IMG-1333","Infant N-572",7,"Male","Validated clinical training image: pushpa_Files/neoBloom/datasets/normal/normal (572).jpg","Normal",17.2
"NEO-IMG-1334","Infant N-573",8,"Female","Validated clinical training image: pushpa_Files/neoBloom/datasets/normal/normal (573).jpg","Normal",13.8
"NEO-IMG-1335","Infant N-574",7,"Male","Validated clinical training image: pushpa_Files/neoBloom/datasets/normal/normal (574).jpg","Normal",13.7
"NEO-IMG-1336","Infant N-575",8,"Female","Validated clinical training image: pushpa_Files/neoBloom/datasets/normal/normal (575).jpg","Normal",9.5
"NEO-IMG-1337","Infant N-576",6,"Female","Validated clinical training image: pushpa_Files/neoBloom/datasets/normal/normal (576).jpg","Normal",29.6
"NEO-IMG-1338","Infant N-577",8,"Female","Validated clinical training image: pushpa_Files/neoBloom/datasets/normal/normal (577).jpg","Normal",11.1
"NEO-IMG-1339","Infant N-578",8,"Male","Validated clinical training image: pushpa_Files/neoBloom/datasets/normal/normal (578).jpg","Normal",5.4
"NEO-IMG-1340","Infant N-579",5,"Female","Validated clinical training image: pushpa_Files/neoBloom/datasets/normal/normal (579).jpg","Normal",13.7
"NEO-IMG-1341","Infant N-580",4,"Female","Validated clinical training image: pushpa_Files/neoBloom/datasets/normal/normal (580).jpg","Normal",27.2
"NEO-IMG-1342","Infant N-581",6,"Male","Validated clinical training image: pushpa_Files/neoBloom/datasets/normal/normal (581).jpg","Normal",7.8
"NEO-IMG-1343","Infant N-582",8,"Male","Validated clinical training image: pushpa_Files/neoBloom/datasets/normal/normal (582).jpg","Normal",26
"NEO-IMG-1344","Infant N-583",2,"Female","Validated clinical training image: pushpa_Files/neoBloom/datasets/normal/normal (583).jpg","Normal",19.6
"NEO-IMG-1345","Infant N-584",5,"Female","Validated clinical training image: pushpa_Files/neoBloom/datasets/normal/normal (584).jpg","Normal",7
"NEO-IMG-1346","Infant N-585",4,"Female","Validated clinical training image: pushpa_Files/neoBloom/datasets/normal/normal (585).jpg","Normal",19.5
"NEO-IMG-1347","Infant N-586",7,"Male","Validated clinical training image: pushpa_Files/neoBloom/datasets/normal/normal (586).jpg","Normal",21.7
"NEO-IMG-1348","Infant N-587",7,"Female","Validated clinical training image: pushpa_Files/neoBloom/datasets/normal/normal (587).jpg","Normal",18.2
"NEO-IMG-1349","Infant N-588",8,"Male","Validated clinical training image: pushpa_Files/neoBloom/datasets/normal/normal (588).jpg","Normal",13.7
"NEO-IMG-1350","Infant N-589",7,"Male","Validated clinical training image: pushpa_Files/neoBloom/datasets/normal/normal (589).jpg","Normal",27.3
"NEO-IMG-1351","Infant N-590",6,"Female","Validated clinical training image: pushpa_Files/neoBloom/datasets/normal/normal (590).jpg","Normal",28.5
"NEO-IMG-1352","Infant N-591",5,"Female","Validated clinical training image: pushpa_Files/neoBloom/datasets/normal/normal (591).jpg","Normal",16.2
"NEO-IMG-1353","Infant N-592",5,"Male","Validated clinical training image: pushpa_Files/neoBloom/datasets/normal/normal (592).jpg","Normal",10.3
"NEO-IMG-1354","Infant N-593",5,"Male","Validated clinical training image: pushpa_Files/neoBloom/datasets/normal/normal (593).jpg","Normal",25.5
"NEO-IMG-1355","Infant N-594",3,"Female","Validated clinical training image: pushpa_Files/neoBloom/datasets/normal/normal (594).jpg","Normal",24.4
"NEO-IMG-1356","Infant N-595",6,"Female","Validated clinical training image: pushpa_Files/neoBloom/datasets/normal/normal (595).jpg","Normal",12.6
"NEO-IMG-1357","Infant N-596",4,"Male","Validated clinical training image: pushpa_Files/neoBloom/datasets/normal/normal (596).jpg","Normal",22.7
"NEO-IMG-1358","Infant N-597",1,"Male","Validated clinical training image: pushpa_Files/neoBloom/datasets/normal/normal (597).jpg","Normal",10.3
"NEO-IMG-1359","Infant N-598",8,"Female","Validated clinical training image: pushpa_Files/neoBloom/datasets/normal/normal (598).jpg","Normal",11.6
"NEO-IMG-1360","Infant N-599",8,"Male","Validated clinical training image: pushpa_Files/neoBloom/datasets/normal/normal (599).jpg","Normal",9.9
"NEO-IMG-1361","Infant N-600",8,"Male","Validated clinical training image: pushpa_Files/neoBloom/datasets/normal/normal (600).jpg","Normal",28.1
"NEO-IMG-1362","Infant N-601",8,"Male","Validated clinical training image: pushpa_Files/neoBloom/datasets/normal/normal (601).jpg","Normal",18.4
"NEO-IMG-1363","Infant N-602",5,"Male","Validated clinical training image: pushpa_Files/neoBloom/datasets/normal/normal (602).jpg","Normal",29.9
"NEO-IMG-1364","Infant N-603",4,"Male","Validated clinical training image: pushpa_Files/neoBloom/datasets/normal/normal (603).jpg","Normal",21.8
"NEO-IMG-1365","Infant N-604",8,"Male","Validated clinical training image: pushpa_Files/neoBloom/datasets/normal/normal (604).jpg","Normal",25.6
"NEO-IMG-1366","Infant N-605",2,"Female","Validated clinical training image: pushpa_Files/neoBloom/datasets/normal/normal (605).jpg","Normal",13.2
"NEO-IMG-1367","Infant N-606",2,"Female","Validated clinical training image: pushpa_Files/neoBloom/datasets/normal/normal (606).jpg","Normal",14.3
"NEO-IMG-1368","Infant N-607",7,"Female","Validated clinical training image: pushpa_Files/neoBloom/datasets/normal/normal (607).jpg","Normal",10.4
"NEO-IMG-1369","Infant N-608",4,"Male","Validated clinical training image: pushpa_Files/neoBloom/datasets/normal/normal (608).jpg","Normal",18.3
"NEO-IMG-1370","Infant N-609",4,"Male","Validated clinical training image: pushpa_Files/neoBloom/datasets/normal/normal (609).jpg","Normal",12.9
"NEO-IMG-1371","Infant N-610",4,"Male","Validated clinical training image: pushpa_Files/neoBloom/datasets/normal/normal (610).jpg","Normal",11.2
"NEO-IMG-1372","Infant N-611",4,"Male","Validated clinical training image: pushpa_Files/neoBloom/datasets/normal/normal (611).jpg","Normal",5.7
"NEO-IMG-1373","Infant N-612",8,"Female","Validated clinical training image: pushpa_Files/neoBloom/datasets/normal/normal (612).jpg","Normal",14.3
"NEO-IMG-1374","Infant N-613",2,"Male","Validated clinical training image: pushpa_Files/neoBloom/datasets/normal/normal (613).jpg","Normal",7.2
"NEO-IMG-1375","Infant N-614",7,"Female","Validated clinical training image: pushpa_Files/neoBloom/datasets/normal/normal (614).jpg","Normal",12.3
"NEO-IMG-1376","Infant N-615",5,"Female","Validated clinical training image: pushpa_Files/neoBloom/datasets/normal/normal (615).jpg","Normal",25.8
"NEO-IMG-1377","Infant N-616",3,"Female","Validated clinical training image: pushpa_Files/neoBloom/datasets/normal/normal (616).jpg","Normal",16.5
"NEO-IMG-1378","Infant N-617",1,"Female","Validated clinical training image: pushpa_Files/neoBloom/datasets/normal/normal (617).jpg","Normal",17.7
"NEO-IMG-1379","Infant N-618",6,"Female","Validated clinical training image: pushpa_Files/neoBloom/datasets/normal/normal (618).jpg","Normal",11
"NEO-IMG-1380","Infant N-619",7,"Female","Validated clinical training image: pushpa_Files/neoBloom/datasets/normal/normal (619).jpg","Normal",14.5
"NEO-IMG-1381","Infant N-620",6,"Female","Validated clinical training image: pushpa_Files/neoBloom/datasets/normal/normal (620).jpg","Normal",26.3
"NEO-IMG-1382","Infant N-621",1,"Female","Validated clinical training image: pushpa_Files/neoBloom/datasets/normal/normal (621).jpg","Normal",26.8
"NEO-IMG-1383","Infant N-622",1,"Female","Validated clinical training image: pushpa_Files/neoBloom/datasets/normal/normal (622).jpg","Normal",8.4
"NEO-IMG-1384","Infant N-623",2,"Female","Validated clinical training image: pushpa_Files/neoBloom/datasets/normal/normal (623).jpg","Normal",5.7
"NEO-IMG-1385","Infant N-624",3,"Male","Validated clinical training image: pushpa_Files/neoBloom/datasets/normal/normal (624).jpg","Normal",15.3
"NEO-IMG-1386","Infant N-625",8,"Male","Validated clinical training image: pushpa_Files/neoBloom/datasets/normal/normal (625).jpg","Normal",20.6
"NEO-IMG-1387","Infant N-626",7,"Male","Validated clinical training image: pushpa_Files/neoBloom/datasets/normal/normal (626).jpg","Normal",27.2
"NEO-IMG-1388","Infant N-627",2,"Male","Validated clinical training image: pushpa_Files/neoBloom/datasets/normal/normal (627).jpg","Normal",19
"NEO-IMG-1389","Infant N-628",6,"Female","Validated clinical training image: pushpa_Files/neoBloom/datasets/normal/normal (628).jpg","Normal",25.6
"NEO-IMG-1390","Infant N-629",6,"Female","Validated clinical training image: pushpa_Files/neoBloom/datasets/normal/normal (629).jpg","Normal",22.5
"NEO-IMG-1391","Infant N-630",1,"Male","Validated clinical training image: pushpa_Files/neoBloom/datasets/normal/normal (630).jpg","Normal",12
"NEO-IMG-1392","Infant N-631",2,"Female","Validated clinical training image: pushpa_Files/neoBloom/datasets/normal/normal (631).jpg","Normal",21.2
"NEO-IMG-1393","Infant N-632",4,"Male","Validated clinical training image: pushpa_Files/neoBloom/datasets/normal/normal (632).jpg","Normal",12.4
"NEO-IMG-1394","Infant N-633",5,"Male","Validated clinical training image: pushpa_Files/neoBloom/datasets/normal/normal (633).jpg","Normal",15.4
"NEO-IMG-1395","Infant N-634",7,"Male","Validated clinical training image: pushpa_Files/neoBloom/datasets/normal/normal (634).jpg","Normal",14.5
"NEO-IMG-1396","Infant N-635",3,"Male","Validated clinical training image: pushpa_Files/neoBloom/datasets/normal/normal (635).jpg","Normal",19.4
"NEO-IMG-1397","Infant N-636",4,"Female","Validated clinical training image: pushpa_Files/neoBloom/datasets/normal/normal (636).jpg","Normal",7.4
"NEO-IMG-1398","Infant N-637",8,"Male","Validated clinical training image: pushpa_Files/neoBloom/datasets/normal/normal (637).jpg","Normal",25.1
"NEO-IMG-1399","Infant N-638",5,"Female","Validated clinical training image: pushpa_Files/neoBloom/datasets/normal/normal (638).jpg","Normal",16.2
"NEO-IMG-1400","Infant N-639",3,"Male","Validated clinical training image: pushpa_Files/neoBloom/datasets/normal/normal (639).jpg","Normal",19.7
"NEO-IMG-1401","Infant N-640",8,"Male","Validated clinical training image: pushpa_Files/neoBloom/datasets/normal/normal (640).jpg","Normal",15.4
"NEO-IMG-1402","Infant N-641",7,"Female","Validated clinical training image: pushpa_Files/neoBloom/datasets/normal/normal (641).jpg","Normal",8.6
"NEO-IMG-1403","Infant N-642",2,"Female","Validated clinical training image: pushpa_Files/neoBloom/datasets/normal/normal (642).jpg","Normal",26.1
"NEO-IMG-1404","Infant N-643",6,"Female","Validated clinical training image: pushpa_Files/neoBloom/datasets/normal/normal (643).jpg","Normal",10
"NEO-IMG-1405","Infant N-644",8,"Female","Validated clinical training image: pushpa_Files/neoBloom/datasets/normal/normal (644).jpg","Normal",16.8
"NEO-IMG-1406","Infant N-645",4,"Male","Validated clinical training image: pushpa_Files/neoBloom/datasets/normal/normal (645).jpg","Normal",19.1
"NEO-IMG-1407","Infant N-646",5,"Female","Validated clinical training image: pushpa_Files/neoBloom/datasets/normal/normal (646).jpg","Normal",17.7
"NEO-IMG-1408","Infant N-647",8,"Male","Validated clinical training image: pushpa_Files/neoBloom/datasets/normal/normal (647).jpg","Normal",24.1
"NEO-IMG-1409","Infant N-648",1,"Female","Validated clinical training image: pushpa_Files/neoBloom/datasets/normal/normal (648).jpg","Normal",10.5
"NEO-IMG-1410","Infant N-649",4,"Female","Validated clinical training image: pushpa_Files/neoBloom/datasets/normal/normal (649).jpg","Normal",29.1
"NEO-IMG-1411","Infant N-650",8,"Female","Validated clinical training image: pushpa_Files/neoBloom/datasets/normal/normal (650).jpg","Normal",10.5
"NEO-IMG-1412","Infant N-651",7,"Male","Validated clinical training image: pushpa_Files/neoBloom/datasets/normal/normal (651).jpg","Normal",23.9
"NEO-IMG-1413","Infant N-652",7,"Male","Validated clinical training image: pushpa_Files/neoBloom/datasets/normal/normal (652).jpg","Normal",18.2
"NEO-IMG-1414","Infant N-653",5,"Male","Validated clinical training image: pushpa_Files/neoBloom/datasets/normal/normal (653).jpg","Normal",25.5
"NEO-IMG-1415","Infant N-654",4,"Male","Validated clinical training image: pushpa_Files/neoBloom/datasets/normal/normal (654).jpg","Normal",18.2
"NEO-IMG-1416","Infant N-655",3,"Female","Validated clinical training image: pushpa_Files/neoBloom/datasets/normal/normal (655).jpg","Normal",21.1
"NEO-IMG-1417","Infant N-656",4,"Male","Validated clinical training image: pushpa_Files/neoBloom/datasets/normal/normal (656).jpg","Normal",26
"NEO-IMG-1418","Infant N-657",5,"Male","Validated clinical training image: pushpa_Files/neoBloom/datasets/normal/normal (657).jpg","Normal",21.3
"NEO-IMG-1419","Infant N-658",8,"Male","Validated clinical training image: pushpa_Files/neoBloom/datasets/normal/normal (658).jpg","Normal",11.1
"NEO-IMG-1420","Infant N-659",7,"Female","Validated clinical training image: pushpa_Files/neoBloom/datasets/normal/normal (659).jpg","Normal",9.1
"NEO-IMG-1421","Infant N-660",4,"Female","Validated clinical training image: pushpa_Files/neoBloom/datasets/normal/normal (660).jpg","Normal",24.2
"NEO-IMG-1422","Infant N-661",8,"Female","Validated clinical training image: pushpa_Files/neoBloom/datasets/normal/normal (661).jpg","Normal",6.9
"NEO-IMG-1423","Infant N-662",3,"Male","Validated clinical training image: pushpa_Files/neoBloom/datasets/normal/normal (662).jpg","Normal",15.1
"NEO-IMG-1424","Infant N-663",6,"Female","Validated clinical training image: pushpa_Files/neoBloom/datasets/normal/normal (663).jpg","Normal",26.1
"NEO-IMG-1425","Infant N-664",6,"Male","Validated clinical training image: pushpa_Files/neoBloom/datasets/normal/normal (664).jpg","Normal",10.7
"NEO-IMG-1426","Infant N-665",1,"Female","Validated clinical training image: pushpa_Files/neoBloom/datasets/normal/normal (665).jpg","Normal",14.3
"NEO-IMG-1427","Infant N-666",6,"Male","Validated clinical training image: pushpa_Files/neoBloom/datasets/normal/normal (666).jpg","Normal",13.3
"NEO-IMG-1428","Infant N-667",6,"Female","Validated clinical training image: pushpa_Files/neoBloom/datasets/normal/normal (667).jpg","Normal",25.5
"NEO-IMG-1429","Infant N-668",2,"Female","Validated clinical training image: pushpa_Files/neoBloom/datasets/normal/normal (668).jpg","Normal",12.6
"NEO-IMG-1430","Infant N-669",6,"Female","Validated clinical training image: pushpa_Files/neoBloom/datasets/normal/normal (669).jpg","Normal",7.8
"NEO-IMG-1431","Infant N-670",8,"Male","Validated clinical training image: pushpa_Files/neoBloom/datasets/normal/normal (670).jpg","Normal",13.4
"NEO-IMG-1432","Infant N-671",2,"Male","Validated clinical training image: pushpa_Files/neoBloom/datasets/normal/normal (671).jpg","Normal",26.6
"NEO-IMG-1433","Infant N-672",7,"Male","Validated clinical training image: pushpa_Files/neoBloom/datasets/normal/normal (672).jpg","Normal",5.1
"NEO-IMG-1434","Infant N-673",3,"Male","Validated clinical training image: pushpa_Files/neoBloom/datasets/normal/normal (673).jpg","Normal",14.9
"NEO-IMG-1435","Infant N-674",7,"Male","Validated clinical training image: pushpa_Files/neoBloom/datasets/normal/normal (674).jpg","Normal",13.3
"NEO-IMG-1436","Infant N-675",5,"Male","Validated clinical training image: pushpa_Files/neoBloom/datasets/normal/normal (675).jpg","Normal",26.6
"NEO-IMG-1437","Infant N-676",6,"Male","Validated clinical training image: pushpa_Files/neoBloom/datasets/normal/normal (676).jpg","Normal",18.2
"NEO-IMG-1438","Infant N-677",1,"Male","Validated clinical training image: pushpa_Files/neoBloom/datasets/normal/normal (677).jpg","Normal",20.1
"NEO-IMG-1439","Infant N-678",5,"Male","Validated clinical training image: pushpa_Files/neoBloom/datasets/normal/normal (678).jpg","Normal",17.9
"NEO-IMG-1440","Infant N-679",4,"Male","Validated clinical training image: pushpa_Files/neoBloom/datasets/normal/normal (679).jpg","Normal",13.5
"NEO-IMG-1441","Infant N-680",3,"Male","Validated clinical training image: pushpa_Files/neoBloom/datasets/normal/normal (680).jpg","Normal",7.1
"NEO-IMG-1442","Infant N-681",2,"Male","Validated clinical training image: pushpa_Files/neoBloom/datasets/normal/normal (681).jpg","Normal",12
"NEO-IMG-1443","Infant N-682",2,"Male","Validated clinical training image: pushpa_Files/neoBloom/datasets/normal/normal (682).jpg","Normal",13.3
"NEO-IMG-1444","Infant N-683",4,"Male","Validated clinical training image: pushpa_Files/neoBloom/datasets/normal/normal (683).jpg","Normal",6.5
"NEO-IMG-1445","Infant N-684",8,"Male","Validated clinical training image: pushpa_Files/neoBloom/datasets/normal/normal (684).jpg","Normal",11.2
"NEO-IMG-1446","Infant N-685",2,"Male","Validated clinical training image: pushpa_Files/neoBloom/datasets/normal/normal (685).jpg","Normal",22.4
"NEO-IMG-1447","Infant N-686",1,"Female","Validated clinical training image: pushpa_Files/neoBloom/datasets/normal/normal (686).jpg","Normal",28.4
"NEO-IMG-1448","Infant N-687",1,"Male","Validated clinical training image: pushpa_Files/neoBloom/datasets/normal/normal (687).jpg","Normal",14.7
"NEO-IMG-1449","Infant N-688",3,"Female","Validated clinical training image: pushpa_Files/neoBloom/datasets/normal/normal (688).jpg","Normal",21.9
"NEO-IMG-1450","Infant N-689",5,"Male","Validated clinical training image: pushpa_Files/neoBloom/datasets/normal/normal (689).jpg","Normal",15
"NEO-IMG-1451","Infant N-690",3,"Female","Validated clinical training image: pushpa_Files/neoBloom/datasets/normal/normal (690).jpg","Normal",17.4
"NEO-IMG-1452","Infant N-691",3,"Female","Validated clinical training image: pushpa_Files/neoBloom/datasets/normal/normal (691).jpg","Normal",17.6
"NEO-IMG-1453","Infant N-692",7,"Male","Validated clinical training image: pushpa_Files/neoBloom/datasets/normal/normal (692).jpg","Normal",28.3
"NEO-IMG-1454","Infant N-693",7,"Male","Validated clinical training image: pushpa_Files/neoBloom/datasets/normal/normal (693).jpg","Normal",9
"NEO-IMG-1455","Infant N-694",1,"Female","Validated clinical training image: pushpa_Files/neoBloom/datasets/normal/normal (694).jpg","Normal",15.4
"NEO-IMG-1456","Infant N-695",5,"Female","Validated clinical training image: pushpa_Files/neoBloom/datasets/normal/normal (695).jpg","Normal",17.6
"NEO-IMG-1457","Infant N-696",5,"Male","Validated clinical training image: pushpa_Files/neoBloom/datasets/normal/normal (696).jpg","Normal",29.3
"NEO-IMG-1458","Infant N-697",7,"Female","Validated clinical training image: pushpa_Files/neoBloom/datasets/normal/normal (697).jpg","Normal",8.5
"NEO-IMG-1459","Infant N-698",2,"Female","Validated clinical training image: pushpa_Files/neoBloom/datasets/normal/normal (698).jpg","Normal",14
"NEO-IMG-1460","Infant N-699",5,"Female","Validated clinical training image: pushpa_Files/neoBloom/datasets/normal/normal (699).jpg","Normal",13.6
"NEO-IMG-1461","Infant N-700",8,"Female","Validated clinical training image: pushpa_Files/neoBloom/datasets/normal/normal (700).jpg","Normal",25.9
"NEO-IMG-1462","Infant N-701",2,"Male","Validated clinical training image: pushpa_Files/neoBloom/datasets/normal/normal (701).jpg","Normal",17.2
"NEO-IMG-1463","Infant N-702",5,"Male","Validated clinical training image: pushpa_Files/neoBloom/datasets/normal/normal (702).jpg","Normal",28.7
"NEO-IMG-1464","Infant N-703",3,"Female","Validated clinical training image: pushpa_Files/neoBloom/datasets/normal/normal (703).jpg","Normal",24.6
"NEO-IMG-1465","Infant N-704",4,"Female","Validated clinical training image: pushpa_Files/neoBloom/datasets/normal/normal (704).jpg","Normal",22.8
"NEO-IMG-1466","Infant N-705",5,"Female","Validated clinical training image: pushpa_Files/neoBloom/datasets/normal/normal (705).jpg","Normal",26.5
"NEO-IMG-1467","Infant N-706",3,"Female","Validated clinical training image: pushpa_Files/neoBloom/datasets/normal/normal (706).jpg","Normal",24
"NEO-IMG-1468","Infant N-707",7,"Female","Validated clinical training image: pushpa_Files/neoBloom/datasets/normal/normal (707).jpg","Normal",18.4
"NEO-IMG-1469","Infant N-708",8,"Male","Validated clinical training image: pushpa_Files/neoBloom/datasets/normal/normal (708).jpg","Normal",5.5
"NEO-IMG-1470","Infant N-709",2,"Female","Validated clinical training image: pushpa_Files/neoBloom/datasets/normal/normal (709).jpg","Normal",6.1
"NEO-IMG-1471","Infant N-710",3,"Male","Validated clinical training image: pushpa_Files/neoBloom/datasets/normal/normal (710).jpg","Normal",9.4
"NEO-IMG-1472","Infant N-711",3,"Male","Validated clinical training image: pushpa_Files/neoBloom/datasets/normal/normal (711).jpg","Normal",21.4
"NEO-IMG-1473","Infant N-712",2,"Female","Validated clinical training image: pushpa_Files/neoBloom/datasets/normal/normal (712).jpg","Normal",8.5
"NEO-IMG-1474","Infant N-713",4,"Male","Validated clinical training image: pushpa_Files/neoBloom/datasets/normal/normal (713).jpg","Normal",11.4
"NEO-IMG-1475","Infant N-714",8,"Female","Validated clinical training image: pushpa_Files/neoBloom/datasets/normal/normal (714).jpg","Normal",8.6
"NEO-IMG-1476","Infant N-715",6,"Male","Validated clinical training image: pushpa_Files/neoBloom/datasets/normal/normal (715).jpg","Normal",6.4
"NEO-IMG-1477","Infant N-716",5,"Female","Validated clinical training image: pushpa_Files/neoBloom/datasets/normal/normal (716).jpg","Normal",27.5
"NEO-IMG-1478","Infant N-717",1,"Male","Validated clinical training image: pushpa_Files/neoBloom/datasets/normal/normal (717).jpg","Normal",20.5
"NEO-IMG-1479","Infant N-718",6,"Female","Validated clinical training image: pushpa_Files/neoBloom/datasets/normal/normal (718).jpg","Normal",10.1
"NEO-IMG-1480","Infant N-719",8,"Female","Validated clinical training image: pushpa_Files/neoBloom/datasets/normal/normal (719).jpg","Normal",6.4
"NEO-IMG-1481","Infant N-720",4,"Male","Validated clinical training image: pushpa_Files/neoBloom/datasets/normal/normal (720).jpg","Normal",9.5
"NEO-IMG-1482","Infant N-721",8,"Female","Validated clinical training image: pushpa_Files/neoBloom/datasets/normal/normal (721).jpg","Normal",20.2
"NEO-IMG-1483","Infant N-722",3,"Male","Validated clinical training image: pushpa_Files/neoBloom/datasets/normal/normal (722).jpg","Normal",23
"NEO-IMG-1484","Infant N-723",2,"Female","Validated clinical training image: pushpa_Files/neoBloom/datasets/normal/normal (723).jpg","Normal",16.9
"NEO-IMG-1485","Infant N-724",6,"Male","Validated clinical training image: pushpa_Files/neoBloom/datasets/normal/normal (724).jpg","Normal",12.6
"NEO-IMG-1486","Infant N-725",1,"Male","Validated clinical training image: pushpa_Files/neoBloom/datasets/normal/normal (725).jpg","Normal",6.5
"NEO-IMG-1487","Infant N-726",7,"Male","Validated clinical training image: pushpa_Files/neoBloom/datasets/normal/normal (726).jpg","Normal",7.1
"NEO-IMG-1488","Infant N-727",5,"Male","Validated clinical training image: pushpa_Files/neoBloom/datasets/normal/normal (727).jpg","Normal",20.8
"NEO-IMG-1489","Infant N-728",1,"Male","Validated clinical training image: pushpa_Files/neoBloom/datasets/normal/normal (728).jpg","Normal",9.7
"NEO-IMG-1490","Infant N-729",5,"Female","Validated clinical training image: pushpa_Files/neoBloom/datasets/normal/normal (729).jpg","Normal",20.2
"NEO-IMG-1491","Infant N-730",8,"Female","Validated clinical training image: pushpa_Files/neoBloom/datasets/normal/normal (730).jpg","Normal",9.3
"NEO-IMG-1492","Infant N-731",7,"Female","Validated clinical training image: pushpa_Files/neoBloom/datasets/normal/normal (731).jpg","Normal",18.6
"NEO-IMG-1493","Infant N-732",3,"Female","Validated clinical training image: pushpa_Files/neoBloom/datasets/normal/normal (732).jpg","Normal",22
"NEO-IMG-1494","Infant N-733",7,"Male","Validated clinical training image: pushpa_Files/neoBloom/datasets/normal/normal (733).jpg","Normal",14.7
"NEO-IMG-1495","Infant N-734",7,"Male","Validated clinical training image: pushpa_Files/neoBloom/datasets/normal/normal (734).jpg","Normal",19.4
"NEO-IMG-1496","Infant N-735",6,"Female","Validated clinical training image: pushpa_Files/neoBloom/datasets/normal/normal (735).jpg","Normal",28
"NEO-IMG-1497","Infant N-736",5,"Female","Validated clinical training image: pushpa_Files/neoBloom/datasets/normal/normal (736).jpg","Normal",10.3
"NEO-IMG-1498","Infant N-737",2,"Female","Validated clinical training image: pushpa_Files/neoBloom/datasets/normal/normal (737).jpg","Normal",16.1
"NEO-IMG-1499","Infant N-738",6,"Female","Validated clinical training image: pushpa_Files/neoBloom/datasets/normal/normal (738).jpg","Normal",17.6
"NEO-IMG-1500","Infant N-739",5,"Female","Validated clinical training image: pushpa_Files/neoBloom/datasets/normal/normal (739).jpg","Normal",29
"NEO-IMG-1501","Infant N-740",4,"Male","Validated clinical training image: pushpa_Files/neoBloom/datasets/normal/normal (740).jpg","Normal",16.2
"NEO-IMG-1502","Infant N-741",8,"Male","Validated clinical training image: pushpa_Files/neoBloom/datasets/normal/normal (741).jpg","Normal",27
"NEO-IMG-1503","Infant N-742",7,"Female","Validated clinical training image: pushpa_Files/neoBloom/datasets/normal/normal (742).jpg","Normal",22.5
"NEO-IMG-1504","Infant N-743",3,"Female","Validated clinical training image: pushpa_Files/neoBloom/datasets/normal/normal (743).jpg","Normal",14.2
"NEO-IMG-1505","Infant N-744",7,"Female","Validated clinical training image: pushpa_Files/neoBloom/datasets/normal/normal (744).jpg","Normal",12.9
"NEO-IMG-1506","Infant N-745",1,"Male","Validated clinical training image: pushpa_Files/neoBloom/datasets/normal/normal (745).jpg","Normal",10.1
"NEO-IMG-1507","Infant N-746",6,"Male","Validated clinical training image: pushpa_Files/neoBloom/datasets/normal/normal (746).jpg","Normal",16.2
"NEO-IMG-1508","Infant N-747",3,"Female","Validated clinical training image: pushpa_Files/neoBloom/datasets/normal/normal (747).jpg","Normal",20.8
"NEO-IMG-1509","Infant N-748",6,"Female","Validated clinical training image: pushpa_Files/neoBloom/datasets/normal/normal (748).jpg","Normal",24.9
"NEO-IMG-1510","Infant N-749",5,"Male","Validated clinical training image: pushpa_Files/neoBloom/datasets/normal/normal (749).jpg","Normal",22.2
"NEO-IMG-1511","Infant N-750",6,"Male","Validated clinical training image: pushpa_Files/neoBloom/datasets/normal/normal (750).jpg","Normal",8.1
"NEO-IMG-1512","Infant N-751",3,"Male","Validated clinical training image: pushpa_Files/neoBloom/datasets/normal/normal (751).jpg","Normal",11.5
"NEO-IMG-1513","Infant N-752",6,"Female","Validated clinical training image: pushpa_Files/neoBloom/datasets/normal/normal (752).jpg","Normal",12.5
"NEO-IMG-1514","Infant N-753",7,"Female","Validated clinical training image: pushpa_Files/neoBloom/datasets/normal/normal (753).jpg","Normal",29.4
"NEO-IMG-1515","Infant N-754",2,"Male","Validated clinical training image: pushpa_Files/neoBloom/datasets/normal/normal (754).jpg","Normal",26.7
"NEO-IMG-1516","Infant N-755",1,"Female","Validated clinical training image: pushpa_Files/neoBloom/datasets/normal/normal (755).jpg","Normal",21.2
"NEO-IMG-1517","Infant N-756",2,"Male","Validated clinical training image: pushpa_Files/neoBloom/datasets/normal/normal (756).jpg","Normal",24.2
"NEO-IMG-1518","Infant N-757",8,"Male","Validated clinical training image: pushpa_Files/neoBloom/datasets/normal/normal (757).jpg","Normal",12.4
"NEO-IMG-1519","Infant N-758",3,"Female","Validated clinical training image: pushpa_Files/neoBloom/datasets/normal/normal (758).jpg","Normal",19.5
"NEO-IMG-1520","Infant N-759",6,"Female","Validated clinical training image: pushpa_Files/neoBloom/datasets/normal/normal (759).jpg","Normal",11.2
"NEO-IMG-1521","Infant N-760",2,"Male","Validated clinical training image: pushpa_Files/neoBloom/datasets/normal/normal (760).jpg","Normal",27.3
"NEO-IMG-1522","Infant N-761",2,"Male","Validated clinical training image: pushpa_Files/neoBloom/datasets/normal/normal (761).jpg","Normal",7.6
"NEO-IMG-1523","Infant N-762",5,"Female","Validated clinical training image: pushpa_Files/neoBloom/datasets/normal/normal (762).jpg","Normal",17.1
"NEO-IMG-1524","Infant N-763",8,"Female","Validated clinical training image: pushpa_Files/neoBloom/datasets/normal/normal (763).jpg","Normal",15.5
"NEO-IMG-1525","Infant N-764",3,"Male","Validated clinical training image: pushpa_Files/neoBloom/datasets/normal/normal (764).jpg","Normal",14.8
"NEO-IMG-1526","Infant N-765",5,"Female","Validated clinical training image: pushpa_Files/neoBloom/datasets/normal/normal (765).jpg","Normal",13.7
"NEO-IMG-1527","Infant N-766",8,"Female","Validated clinical training image: pushpa_Files/neoBloom/datasets/normal/normal (766).jpg","Normal",23.4
"NEO-IMG-1528","Infant N-767",1,"Male","Validated clinical training image: pushpa_Files/neoBloom/datasets/normal/normal (767).jpg","Normal",25.4
"NEO-IMG-1529","Infant N-768",6,"Female","Validated clinical training image: pushpa_Files/neoBloom/datasets/normal/normal (768).jpg","Normal",29.6
"NEO-IMG-1530","Infant N-769",1,"Female","Validated clinical training image: pushpa_Files/neoBloom/datasets/normal/normal (769).jpg","Normal",15.4
"NEO-IMG-1531","Infant N-770",2,"Male","Validated clinical training image: pushpa_Files/neoBloom/datasets/normal/normal (770).jpg","Normal",28.5
"NEO-IMG-1532","Infant N-771",3,"Female","Validated clinical training image: pushpa_Files/neoBloom/datasets/normal/normal (771).jpg","Normal",11.2
"NEO-IMG-1533","Infant N-772",6,"Male","Validated clinical training image: pushpa_Files/neoBloom/datasets/normal/normal (772).jpg","Normal",28.7
"NEO-IMG-1534","Infant N-773",8,"Female","Validated clinical training image: pushpa_Files/neoBloom/datasets/normal/normal (773).jpg","Normal",17.5
"NEO-IMG-1535","Infant N-774",7,"Male","Validated clinical training image: pushpa_Files/neoBloom/datasets/normal/normal (774).jpg","Normal",19.5
"NEO-IMG-1536","Infant N-775",6,"Male","Validated clinical training image: pushpa_Files/neoBloom/datasets/normal/normal (775).jpg","Normal",17.9
"NEO-IMG-1537","Infant N-776",5,"Male","Validated clinical training image: pushpa_Files/neoBloom/datasets/normal/normal (776).jpg","Normal",14.3
"NEO-IMG-1538","Infant N-777",6,"Male","Validated clinical training image: pushpa_Files/neoBloom/datasets/normal/normal (777).jpg","Normal",11.8
"NEO-IMG-1539","Infant N-778",8,"Female","Validated clinical training image: pushpa_Files/neoBloom/datasets/normal/normal (778).jpg","Normal",6
"NEO-IMG-1540","Infant N-779",1,"Female","Validated clinical training image: pushpa_Files/neoBloom/datasets/normal/normal (779).jpg","Normal",5.6
"NEO-IMG-1541","Infant N-780",2,"Female","Validated clinical training image: pushpa_Files/neoBloom/datasets/normal/normal (780).jpg","Normal",25.3
"NEO-IMG-1542","Infant N-781",5,"Female","Validated clinical training image: pushpa_Files/neoBloom/datasets/normal/normal (781).jpg","Normal",14.4
"NEO-IMG-1543","Infant N-782",3,"Male","Validated clinical training image: pushpa_Files/neoBloom/datasets/normal/normal (782).jpg","Normal",16.1
"NEO-IMG-1544","Infant N-783",8,"Male","Validated clinical training image: pushpa_Files/neoBloom/datasets/normal/normal (783).jpg","Normal",26.3
"NEO-IMG-1545","Infant N-784",1,"Female","Validated clinical training image: pushpa_Files/neoBloom/datasets/normal/normal (784).jpg","Normal",12
"NEO-IMG-1546","Infant N-785",8,"Female","Validated clinical training image: pushpa_Files/neoBloom/datasets/normal/normal (785).jpg","Normal",24.6
"NEO-IMG-1547","Infant N-786",6,"Male","Validated clinical training image: pushpa_Files/neoBloom/datasets/normal/normal (786).jpg","Normal",14.3
"NEO-IMG-1548","Infant N-787",2,"Female","Validated clinical training image: pushpa_Files/neoBloom/datasets/normal/normal (787).jpg","Normal",21.3
"NEO-IMG-1549","Infant N-788",6,"Male","Validated clinical training image: pushpa_Files/neoBloom/datasets/normal/normal (788).jpg","Normal",5.4
"NEO-IMG-1550","Infant N-789",8,"Male","Validated clinical training image: pushpa_Files/neoBloom/datasets/normal/normal (789).jpg","Normal",9.6
"NEO-IMG-1551","Infant N-790",6,"Female","Validated clinical training image: pushpa_Files/neoBloom/datasets/normal/normal (790).jpg","Normal",20.7
"NEO-IMG-1552","Infant N-791",3,"Male","Validated clinical training image: pushpa_Files/neoBloom/datasets/normal/normal (791).jpg","Normal",17.4
"NEO-IMG-1553","Infant N-792",6,"Male","Validated clinical training image: pushpa_Files/neoBloom/datasets/normal/normal (792).jpg","Normal",13.3
"NEO-IMG-1554","Infant N-793",1,"Male","Validated clinical training image: pushpa_Files/neoBloom/datasets/normal/normal (793).jpg","Normal",17.5
"NEO-IMG-1555","Infant N-794",4,"Female","Validated clinical training image: pushpa_Files/neoBloom/datasets/normal/normal (794).jpg","Normal",21
"NEO-IMG-1556","Infant N-795",1,"Female","Validated clinical training image: pushpa_Files/neoBloom/datasets/normal/normal (795).jpg","Normal",17.3
"NEO-IMG-1557","Infant N-796",2,"Female","Validated clinical training image: pushpa_Files/neoBloom/datasets/normal/normal (796).jpg","Normal",23.6
"NEO-IMG-1558","Infant N-797",8,"Female","Validated clinical training image: pushpa_Files/neoBloom/datasets/normal/normal (797).jpg","Normal",13.9
"NEO-IMG-1559","Infant N-798",5,"Female","Validated clinical training image: pushpa_Files/neoBloom/datasets/normal/normal (798).jpg","Normal",14.2
"NEO-IMG-1560","Infant N-799",7,"Female","Validated clinical training image: pushpa_Files/neoBloom/datasets/normal/normal (799).jpg","Normal",16.8
"NEO-IMG-1561","Infant N-800",7,"Male","Validated clinical training image: pushpa_Files/neoBloom/datasets/normal/normal (800).jpg","Normal",27.6
"NEO-IMG-1562","Infant N-801",2,"Female","Validated clinical training image: pushpa_Files/neoBloom/datasets/normal/normal (801).jpg","Normal",17.3
"NEO-IMG-1563","Infant N-802",4,"Female","Validated clinical training image: pushpa_Files/neoBloom/datasets/normal/normal (802).jpg","Normal",28.3
"NEO-IMG-1564","Infant N-803",2,"Female","Validated clinical training image: pushpa_Files/neoBloom/datasets/normal/normal (803).jpg","Normal",9.6
"NEO-IMG-1565","Infant N-804",8,"Male","Validated clinical training image: pushpa_Files/neoBloom/datasets/normal/normal (804).jpg","Normal",26.8
"NEO-IMG-1566","Infant N-805",5,"Male","Validated clinical training image: pushpa_Files/neoBloom/datasets/normal/normal (805).jpg","Normal",23.8
"NEO-IMG-1567","Infant N-806",2,"Male","Validated clinical training image: pushpa_Files/neoBloom/datasets/normal/normal (806).jpg","Normal",9.1
"NEO-IMG-1568","Infant N-807",8,"Female","Validated clinical training image: pushpa_Files/neoBloom/datasets/normal/normal (807).jpg","Normal",25.6
"NEO-IMG-1569","Infant N-808",5,"Male","Validated clinical training image: pushpa_Files/neoBloom/datasets/normal/normal (808).jpg","Normal",27.1
"NEO-IMG-1570","Infant N-809",4,"Male","Validated clinical training image: pushpa_Files/neoBloom/datasets/normal/normal (809).jpg","Normal",11.9
"NEO-IMG-1571","Infant N-810",6,"Female","Validated clinical training image: pushpa_Files/neoBloom/datasets/normal/normal (810).jpg","Normal",24.7
"NEO-IMG-1572","Infant N-811",3,"Male","Validated clinical training image: pushpa_Files/neoBloom/datasets/normal/normal (811).jpg","Normal",18.8
"NEO-IMG-1573","Infant N-812",6,"Female","Validated clinical training image: pushpa_Files/neoBloom/datasets/normal/normal (812).jpg","Normal",16.4
"NEO-IMG-1574","Infant N-813",4,"Female","Validated clinical training image: pushpa_Files/neoBloom/datasets/normal/normal (813).jpg","Normal",18.6
"NEO-IMG-1575","Infant N-814",8,"Female","Validated clinical training image: pushpa_Files/neoBloom/datasets/normal/normal (814).jpg","Normal",27
"NEO-IMG-1576","Infant N-815",1,"Male","Validated clinical training image: pushpa_Files/neoBloom/datasets/normal/normal (815).jpg","Normal",27.7
"NEO-IMG-1577","Infant N-816",1,"Female","Validated clinical training image: pushpa_Files/neoBloom/datasets/normal/normal (816).jpg","Normal",20.6
"NEO-IMG-1578","Infant N-817",8,"Male","Validated clinical training image: pushpa_Files/neoBloom/datasets/normal/normal (817).jpg","Normal",16.3
"NEO-IMG-1579","Infant N-818",1,"Male","Validated clinical training image: pushpa_Files/neoBloom/datasets/normal/normal (818).jpg","Normal",11.3
"NEO-IMG-1580","Infant N-819",5,"Male","Validated clinical training image: pushpa_Files/neoBloom/datasets/normal/normal (819).jpg","Normal",25.7
"NEO-IMG-1581","Infant N-820",2,"Female","Validated clinical training image: pushpa_Files/neoBloom/datasets/normal/normal (820).jpg","Normal",10.9
"NEO-IMG-1582","Infant N-821",8,"Male","Validated clinical training image: pushpa_Files/neoBloom/datasets/normal/normal (821).jpg","Normal",29.2
"NEO-IMG-1583","Infant N-822",6,"Female","Validated clinical training image: pushpa_Files/neoBloom/datasets/normal/normal (822).jpg","Normal",11.7
"NEO-IMG-1584","Infant N-823",3,"Male","Validated clinical training image: pushpa_Files/neoBloom/datasets/normal/normal (823).jpg","Normal",24.6
"NEO-IMG-1585","Infant N-824",2,"Female","Validated clinical training image: pushpa_Files/neoBloom/datasets/normal/normal (824).jpg","Normal",7.4
"NEO-IMG-1586","Infant N-825",8,"Female","Validated clinical training image: pushpa_Files/neoBloom/datasets/normal/normal (825).jpg","Normal",29.6
"NEO-IMG-1587","Infant N-826",6,"Male","Validated clinical training image: pushpa_Files/neoBloom/datasets/normal/normal (826).jpg","Normal",15.2
"NEO-IMG-1588","Infant N-827",3,"Male","Validated clinical training image: pushpa_Files/neoBloom/datasets/normal/normal (827).jpg","Normal",13
"NEO-IMG-1589","Infant N-828",3,"Female","Validated clinical training image: pushpa_Files/neoBloom/datasets/normal/normal (828).jpg","Normal",5.2
"NEO-IMG-1590","Infant N-829",5,"Female","Validated clinical training image: pushpa_Files/neoBloom/datasets/normal/normal (829).jpg","Normal",22.3
"NEO-IMG-1591","Infant N-830",7,"Female","Validated clinical training image: pushpa_Files/neoBloom/datasets/normal/normal (830).jpg","Normal",14.6
"NEO-IMG-1592","Infant N-831",6,"Male","Validated clinical training image: pushpa_Files/neoBloom/datasets/normal/normal (831).jpg","Normal",19.4
"NEO-IMG-1593","Infant N-832",1,"Male","Validated clinical training image: pushpa_Files/neoBloom/datasets/normal/normal (832).jpg","Normal",26.5
"NEO-IMG-1594","Infant N-833",6,"Female","Validated clinical training image: pushpa_Files/neoBloom/datasets/normal/normal (833).jpg","Normal",9.9
"NEO-IMG-1595","Infant N-834",6,"Male","Validated clinical training image: pushpa_Files/neoBloom/datasets/normal/normal (834).jpg","Normal",10.2
"NEO-IMG-1596","Infant N-835",7,"Female","Validated clinical training image: pushpa_Files/neoBloom/datasets/normal/normal (835).jpg","Normal",22.5
"NEO-IMG-1597","Infant N-836",6,"Female","Validated clinical training image: pushpa_Files/neoBloom/datasets/normal/normal (836).jpg","Normal",10.9
"NEO-IMG-1598","Infant N-837",2,"Female","Validated clinical training image: pushpa_Files/neoBloom/datasets/normal/normal (837).jpg","Normal",18.1
"NEO-IMG-1599","Infant N-838",6,"Female","Validated clinical training image: pushpa_Files/neoBloom/datasets/normal/normal (838).jpg","Normal",16.9
"NEO-IMG-1600","Infant N-839",1,"Male","Validated clinical training image: pushpa_Files/neoBloom/datasets/normal/normal (839).jpg","Normal",27
"NEO-IMG-1601","Infant N-840",2,"Female","Validated clinical training image: pushpa_Files/neoBloom/datasets/normal/normal (840).jpg","Normal",27
"NEO-IMG-1602","Infant N-841",8,"Male","Validated clinical training image: pushpa_Files/neoBloom/datasets/normal/normal (841).jpg","Normal",8.6
"NEO-IMG-1603","Infant N-842",8,"Female","Validated clinical training image: pushpa_Files/neoBloom/datasets/normal/normal (842).jpg","Normal",14.4
"NEO-IMG-1604","Infant N-843",8,"Male","Validated clinical training image: pushpa_Files/neoBloom/datasets/normal/normal (843).jpg","Normal",19.8
"NEO-IMG-1605","Infant N-844",7,"Female","Validated clinical training image: pushpa_Files/neoBloom/datasets/normal/normal (844).jpg","Normal",24.8
"NEO-IMG-1606","Infant N-845",7,"Female","Validated clinical training image: pushpa_Files/neoBloom/datasets/normal/normal (845).jpg","Normal",26.7
"NEO-IMG-1607","Infant N-846",4,"Male","Validated clinical training image: pushpa_Files/neoBloom/datasets/normal/normal (846).jpg","Normal",23.7
"NEO-IMG-1608","Infant N-847",7,"Male","Validated clinical training image: pushpa_Files/neoBloom/datasets/normal/normal (847).jpg","Normal",22.1
"NEO-IMG-1609","Infant N-848",8,"Female","Validated clinical training image: pushpa_Files/neoBloom/datasets/normal/normal (848).jpg","Normal",11.4
"NEO-IMG-1610","Infant N-849",2,"Female","Validated clinical training image: pushpa_Files/neoBloom/datasets/normal/normal (849).jpg","Normal",6.2
"NEO-IMG-1611","Infant N-850",1,"Female","Validated clinical training image: pushpa_Files/neoBloom/datasets/normal/normal (850).jpg","Normal",7
"NEO-IMG-1612","Infant N-851",6,"Female","Validated clinical training image: pushpa_Files/neoBloom/datasets/normal/normal (851).jpg","Normal",13
"NEO-IMG-1613","Infant N-852",6,"Female","Validated clinical training image: pushpa_Files/neoBloom/datasets/normal/normal (852).jpg","Normal",14.3
"NEO-IMG-1614","Infant N-853",7,"Male","Validated clinical training image: pushpa_Files/neoBloom/datasets/normal/normal (853).jpg","Normal",5.4
"NEO-IMG-1615","Infant N-854",3,"Male","Validated clinical training image: pushpa_Files/neoBloom/datasets/normal/normal (854).jpg","Normal",23.3
"NEO-IMG-1616","Infant N-855",3,"Female","Validated clinical training image: pushpa_Files/neoBloom/datasets/normal/normal (855).jpg","Normal",6.2
"NEO-IMG-1617","Infant N-856",6,"Female","Validated clinical training image: pushpa_Files/neoBloom/datasets/normal/normal (856).jpg","Normal",11.8
"NEO-IMG-1618","Infant N-857",1,"Female","Validated clinical training image: pushpa_Files/neoBloom/datasets/normal/normal (857).jpg","Normal",9.3
"NEO-IMG-1619","Infant N-858",7,"Female","Validated clinical training image: pushpa_Files/neoBloom/datasets/normal/normal (858).jpg","Normal",20.2
"NEO-IMG-1620","Infant N-859",3,"Female","Validated clinical training image: pushpa_Files/neoBloom/datasets/normal/normal (859).jpg","Normal",28.2
"NEO-IMG-1621","Infant N-860",4,"Female","Validated clinical training image: pushpa_Files/neoBloom/datasets/normal/normal (860).jpg","Normal",13.5
"NEO-IMG-1622","Infant N-861",8,"Female","Validated clinical training image: pushpa_Files/neoBloom/datasets/normal/normal (861).jpg","Normal",28.6
"NEO-IMG-1623","Infant N-862",5,"Female","Validated clinical training image: pushpa_Files/neoBloom/datasets/normal/normal (862).jpg","Normal",27.4
"NEO-IMG-1624","Infant N-863",1,"Male","Validated clinical training image: pushpa_Files/neoBloom/datasets/normal/normal (863).jpg","Normal",16.6
"NEO-IMG-1625","Infant N-864",8,"Female","Validated clinical training image: pushpa_Files/neoBloom/datasets/normal/normal (864).jpg","Normal",6.5
"NEO-IMG-1626","Infant N-865",1,"Male","Validated clinical training image: pushpa_Files/neoBloom/datasets/normal/normal (865).jpg","Normal",17.4
"NEO-IMG-1627","Infant N-866",4,"Male","Validated clinical training image: pushpa_Files/neoBloom/datasets/normal/normal (866).jpg","Normal",21
"NEO-IMG-1628","Infant N-867",8,"Female","Validated clinical training image: pushpa_Files/neoBloom/datasets/normal/normal (867).jpg","Normal",25.2
"NEO-IMG-1629","Infant N-868",7,"Male","Validated clinical training image: pushpa_Files/neoBloom/datasets/normal/normal (868).jpg","Normal",11
"NEO-IMG-1630","Infant N-869",5,"Male","Validated clinical training image: pushpa_Files/neoBloom/datasets/normal/normal (869).jpg","Normal",12
"NEO-IMG-1631","Infant N-870",5,"Female","Validated clinical training image: pushpa_Files/neoBloom/datasets/normal/normal (870).jpg","Normal",5.3
"NEO-IMG-1632","Infant N-871",6,"Male","Validated clinical training image: pushpa_Files/neoBloom/datasets/normal/normal (871).jpg","Normal",13.7
"NEO-IMG-1633","Infant N-872",5,"Female","Validated clinical training image: pushpa_Files/neoBloom/datasets/normal/normal (872).jpg","Normal",6.4
"NEO-IMG-1634","Infant N-873",4,"Female","Validated clinical training image: pushpa_Files/neoBloom/datasets/normal/normal (873).jpg","Normal",7.9
"NEO-IMG-1635","Infant N-874",1,"Male","Validated clinical training image: pushpa_Files/neoBloom/datasets/normal/normal (874).jpg","Normal",9.7
"NEO-IMG-1636","Infant N-875",6,"Female","Validated clinical training image: pushpa_Files/neoBloom/datasets/normal/normal (875).jpg","Normal",11.1
"NEO-IMG-1637","Infant N-876",5,"Male","Validated clinical training image: pushpa_Files/neoBloom/datasets/normal/normal (876).jpg","Normal",26.5
"NEO-IMG-1638","Infant N-877",8,"Male","Validated clinical training image: pushpa_Files/neoBloom/datasets/normal/normal (877).jpg","Normal",5.9
"NEO-IMG-1639","Infant N-878",6,"Male","Validated clinical training image: pushpa_Files/neoBloom/datasets/normal/normal (878).jpg","Normal",15.2
"NEO-IMG-1640","Infant N-879",1,"Female","Validated clinical training image: pushpa_Files/neoBloom/datasets/normal/normal (879).jpg","Normal",17
"NEO-IMG-1641","Infant N-880",5,"Male","Validated clinical training image: pushpa_Files/neoBloom/datasets/normal/normal (880).jpg","Normal",23.2
"NEO-IMG-1642","Infant N-881",5,"Female","Validated clinical training image: pushpa_Files/neoBloom/datasets/normal/normal (881).jpg","Normal",19.4
"NEO-IMG-1643","Infant N-882",6,"Female","Validated clinical training image: pushpa_Files/neoBloom/datasets/normal/normal (882).jpg","Normal",7
"NEO-IMG-1644","Infant N-883",7,"Male","Validated clinical training image: pushpa_Files/neoBloom/datasets/normal/normal (883).jpg","Normal",22.7
"NEO-IMG-1645","Infant N-884",8,"Male","Validated clinical training image: pushpa_Files/neoBloom/datasets/normal/normal (884).jpg","Normal",11.2
"NEO-IMG-1646","Infant N-885",8,"Male","Validated clinical training image: pushpa_Files/neoBloom/datasets/normal/normal (885).jpg","Normal",12.4
"NEO-IMG-1647","Infant N-886",3,"Male","Validated clinical training image: pushpa_Files/neoBloom/datasets/normal/normal (886).jpg","Normal",9.3
"NEO-IMG-1648","Infant N-887",1,"Female","Validated clinical training image: pushpa_Files/neoBloom/datasets/normal/normal (887).jpg","Normal",15.6
"NEO-IMG-1649","Infant N-888",4,"Female","Validated clinical training image: pushpa_Files/neoBloom/datasets/normal/normal (888).jpg","Normal",29.7
"NEO-IMG-1650","Infant N-889",3,"Female","Validated clinical training image: pushpa_Files/neoBloom/datasets/normal/normal (889).jpg","Normal",11.3
"NEO-IMG-1651","Infant N-890",2,"Female","Validated clinical training image: pushpa_Files/neoBloom/datasets/normal/normal (890).jpg","Normal",11.1
"NEO-IMG-1652","Infant N-891",1,"Female","Validated clinical training image: pushpa_Files/neoBloom/datasets/normal/normal (891).jpg","Normal",15.9
"NEO-IMG-1653","Infant N-892",1,"Male","Validated clinical training image: pushpa_Files/neoBloom/datasets/normal/normal (892).jpg","Normal",7.7
"NEO-IMG-1654","Infant N-893",1,"Female","Validated clinical training image: pushpa_Files/neoBloom/datasets/normal/normal (893).jpg","Normal",11.6
"NEO-IMG-1655","Infant N-894",7,"Female","Validated clinical training image: pushpa_Files/neoBloom/datasets/normal/normal (894).jpg","Normal",18.5
"NEO-IMG-1656","Infant N-895",4,"Female","Validated clinical training image: pushpa_Files/neoBloom/datasets/normal/normal (895).jpg","Normal",24
"NEO-IMG-1657","Infant N-896",8,"Female","Validated clinical training image: pushpa_Files/neoBloom/datasets/normal/normal (896).jpg","Normal",15.7
"NEO-IMG-1658","Infant N-897",5,"Male","Validated clinical training image: pushpa_Files/neoBloom/datasets/normal/normal (897).jpg","Normal",10
"NEO-IMG-1659","Infant N-898",4,"Female","Validated clinical training image: pushpa_Files/neoBloom/datasets/normal/normal (898).jpg","Normal",27.2
"NEO-IMG-1660","Infant N-899",1,"Female","Validated clinical training image: pushpa_Files/neoBloom/datasets/normal/normal (899).jpg","Normal",29.4
"NEO-IMG-1661","Infant N-900",5,"Male","Validated clinical training image: pushpa_Files/neoBloom/datasets/normal/normal (900).jpg","Normal",16.5
"NEO-IMG-1662","Infant N-901",4,"Male","Validated clinical training image: pushpa_Files/neoBloom/datasets/normal/normal (901).jpg","Normal",12.6
"NEO-IMG-1663","Infant N-902",1,"Male","Validated clinical training image: pushpa_Files/neoBloom/datasets/normal/normal (902).jpg","Normal",24.7
"NEO-IMG-1664","Infant N-903",4,"Male","Validated clinical training image: pushpa_Files/neoBloom/datasets/normal/normal (903).jpg","Normal",26.5
"NEO-IMG-1665","Infant N-904",2,"Female","Validated clinical training image: pushpa_Files/neoBloom/datasets/normal/normal (904).jpg","Normal",26.4
"NEO-IMG-1666","Infant N-905",3,"Male","Validated clinical training image: pushpa_Files/neoBloom/datasets/normal/normal (905).jpg","Normal",6
"NEO-IMG-1667","Infant N-906",8,"Female","Validated clinical training image: pushpa_Files/neoBloom/datasets/normal/normal (906).jpg","Normal",7.7
"NEO-IMG-1668","Infant N-907",3,"Female","Validated clinical training image: pushpa_Files/neoBloom/datasets/normal/normal (907).jpg","Normal",7.4
"NEO-IMG-1669","Infant N-908",8,"Male","Validated clinical training image: pushpa_Files/neoBloom/datasets/normal/normal (908).jpg","Normal",12.4
"NEO-IMG-1670","Infant N-909",4,"Male","Validated clinical training image: pushpa_Files/neoBloom/datasets/normal/normal (909).jpg","Normal",25.9
"NEO-IMG-1671","Infant N-910",5,"Female","Validated clinical training image: pushpa_Files/neoBloom/datasets/normal/normal (910).jpg","Normal",24.6
"NEO-IMG-1672","Infant N-911",7,"Female","Validated clinical training image: pushpa_Files/neoBloom/datasets/normal/normal (911).jpg","Normal",10
"NEO-IMG-1673","Infant N-912",6,"Male","Validated clinical training image: pushpa_Files/neoBloom/datasets/normal/normal (912).jpg","Normal",5.1
"NEO-IMG-1674","Infant N-913",2,"Female","Validated clinical training image: pushpa_Files/neoBloom/datasets/normal/normal (913).jpg","Normal",26.2
"NEO-IMG-1675","Infant N-914",2,"Male","Validated clinical training image: pushpa_Files/neoBloom/datasets/normal/normal (914).jpg","Normal",14.8
"NEO-IMG-1676","Infant N-915",7,"Female","Validated clinical training image: pushpa_Files/neoBloom/datasets/normal/normal (915).jpg","Normal",14.6
"NEO-IMG-1677","Infant N-916",5,"Female","Validated clinical training image: pushpa_Files/neoBloom/datasets/normal/normal (916).jpg","Normal",6
"NEO-IMG-1678","Infant N-917",6,"Male","Validated clinical training image: pushpa_Files/neoBloom/datasets/normal/normal (917).jpg","Normal",20.6
"NEO-IMG-1679","Infant N-918",8,"Female","Validated clinical training image: pushpa_Files/neoBloom/datasets/normal/normal (918).jpg","Normal",14.1
"NEO-IMG-1680","Infant N-919",7,"Male","Validated clinical training image: pushpa_Files/neoBloom/datasets/normal/normal (919).jpg","Normal",5
"NEO-IMG-1681","Infant N-920",2,"Female","Validated clinical training image: pushpa_Files/neoBloom/datasets/normal/normal (920).jpg","Normal",18.3
"NEO-IMG-1682","Infant N-921",7,"Female","Validated clinical training image: pushpa_Files/neoBloom/datasets/normal/normal (921).jpg","Normal",10.6
"NEO-IMG-1683","Infant N-922",2,"Female","Validated clinical training image: pushpa_Files/neoBloom/datasets/normal/normal (922).jpg","Normal",19.9
"NEO-IMG-1684","Infant N-923",4,"Male","Validated clinical training image: pushpa_Files/neoBloom/datasets/normal/normal (923).jpg","Normal",27.5
"NEO-IMG-1685","Infant N-924",8,"Female","Validated clinical training image: pushpa_Files/neoBloom/datasets/normal/normal (924).jpg","Normal",18.6
"NEO-IMG-1686","Infant N-925",4,"Female","Validated clinical training image: pushpa_Files/neoBloom/datasets/normal/normal (925).jpg","Normal",15
"NEO-IMG-1687","Infant N-926",5,"Female","Validated clinical training image: pushpa_Files/neoBloom/datasets/normal/normal (926).jpg","Normal",29.8
"NEO-IMG-1688","Infant N-927",7,"Female","Validated clinical training image: pushpa_Files/neoBloom/datasets/normal/normal (927).jpg","Normal",20.9
"NEO-IMG-1689","Infant N-928",7,"Female","Validated clinical training image: pushpa_Files/neoBloom/datasets/normal/normal (928).jpg","Normal",23.2
"NEO-IMG-1690","Infant N-929",1,"Male","Validated clinical training image: pushpa_Files/neoBloom/datasets/normal/normal (929).jpg","Normal",23.9
"NEO-IMG-1691","Infant N-930",2,"Female","Validated clinical training image: pushpa_Files/neoBloom/datasets/normal/normal (930).jpg","Normal",15.8
"NEO-IMG-1692","Infant N-931",4,"Female","Validated clinical training image: pushpa_Files/neoBloom/datasets/normal/normal (931).jpg","Normal",9.4
"NEO-IMG-1693","Infant N-932",5,"Female","Validated clinical training image: pushpa_Files/neoBloom/datasets/normal/normal (932).jpg","Normal",9.5
"NEO-IMG-1694","Infant N-933",6,"Male","Validated clinical training image: pushpa_Files/neoBloom/datasets/normal/normal (933).jpg","Normal",22.8
"NEO-IMG-1695","Infant N-934",7,"Female","Validated clinical training image: pushpa_Files/neoBloom/datasets/normal/normal (934).jpg","Normal",9.8
"NEO-IMG-1696","Infant N-935",3,"Male","Validated clinical training image: pushpa_Files/neoBloom/datasets/normal/normal (935).jpg","Normal",26.3
"NEO-IMG-1697","Infant N-936",6,"Male","Validated clinical training image: pushpa_Files/neoBloom/datasets/normal/normal (936).jpg","Normal",13.7
"NEO-IMG-1698","Infant N-937",2,"Male","Validated clinical training image: pushpa_Files/neoBloom/datasets/normal/normal (937).jpg","Normal",20.2
"NEO-IMG-1699","Infant N-938",8,"Male","Validated clinical training image: pushpa_Files/neoBloom/datasets/normal/normal (938).jpg","Normal",5.1
"NEO-IMG-1700","Infant N-939",1,"Female","Validated clinical training image: pushpa_Files/neoBloom/datasets/normal/normal (939).jpg","Normal",28.6
"NEO-IMG-1701","Infant N-940",7,"Female","Validated clinical training image: pushpa_Files/neoBloom/datasets/normal/normal (940).jpg","Normal",9.4
"NEO-IMG-1702","Infant N-941",3,"Male","Validated clinical training image: pushpa_Files/neoBloom/datasets/normal/normal (941).jpg","Normal",20.1
"NEO-IMG-1703","Infant N-942",8,"Male","Validated clinical training image: pushpa_Files/neoBloom/datasets/normal/normal (942).jpg","Normal",22.2
"NEO-IMG-1704","Infant N-943",1,"Male","Validated clinical training image: pushpa_Files/neoBloom/datasets/normal/normal (943).jpg","Normal",22.8
"NEO-IMG-1705","Infant N-944",4,"Female","Validated clinical training image: pushpa_Files/neoBloom/datasets/normal/normal (944).jpg","Normal",21.9
"NEO-IMG-1706","Infant N-945",4,"Female","Validated clinical training image: pushpa_Files/neoBloom/datasets/normal/normal (945).jpg","Normal",5.1
"NEO-IMG-1707","Infant N-946",6,"Male","Validated clinical training image: pushpa_Files/neoBloom/datasets/normal/normal (946).jpg","Normal",11.4
"NEO-IMG-1708","Infant N-947",7,"Male","Validated clinical training image: pushpa_Files/neoBloom/datasets/normal/normal (947).jpg","Normal",12.9
"NEO-IMG-1709","Infant N-948",6,"Male","Validated clinical training image: pushpa_Files/neoBloom/datasets/normal/normal (948).jpg","Normal",6
"NEO-IMG-1710","Infant N-949",4,"Female","Validated clinical training image: pushpa_Files/neoBloom/datasets/normal/normal (949).jpg","Normal",25.2
"NEO-IMG-1711","Infant N-950",2,"Male","Validated clinical training image: pushpa_Files/neoBloom/datasets/normal/normal (950).jpg","Normal",22.1
"NEO-IMG-1712","Infant N-951",6,"Female","Validated clinical training image: pushpa_Files/neoBloom/datasets/normal/normal (951).jpg","Normal",20.2
"NEO-IMG-1713","Infant N-952",7,"Male","Validated clinical training image: pushpa_Files/neoBloom/datasets/normal/normal (952).jpg","Normal",16.7
"NEO-IMG-1714","Infant N-953",2,"Female","Validated clinical training image: pushpa_Files/neoBloom/datasets/normal/normal (953).jpg","Normal",29.3
"NEO-IMG-1715","Infant N-954",1,"Female","Validated clinical training image: pushpa_Files/neoBloom/datasets/normal/normal (954).jpg","Normal",21.5
"NEO-IMG-1716","Infant N-955",6,"Female","Validated clinical training image: pushpa_Files/neoBloom/datasets/normal/normal (955).jpg","Normal",11.6
"NEO-IMG-1717","Infant N-956",6,"Female","Validated clinical training image: pushpa_Files/neoBloom/datasets/normal/normal (956).jpg","Normal",19.5
"NEO-IMG-1718","Infant N-957",2,"Male","Validated clinical training image: pushpa_Files/neoBloom/datasets/normal/normal (957).jpg","Normal",17.9
"NEO-IMG-1719","Infant N-958",7,"Male","Validated clinical training image: pushpa_Files/neoBloom/datasets/normal/normal (958).jpg","Normal",21.2
"NEO-IMG-1720","Infant N-959",5,"Male","Validated clinical training image: pushpa_Files/neoBloom/datasets/normal/normal (959).jpg","Normal",23.4
"NEO-IMG-1721","Infant N-960",2,"Male","Validated clinical training image: pushpa_Files/neoBloom/datasets/normal/normal (960).jpg","Normal",5.6
"NEO-IMG-1722","Infant N-961",8,"Female","Validated clinical training image: pushpa_Files/neoBloom/datasets/normal/normal (961).jpg","Normal",11.9
"NEO-IMG-1723","Infant N-962",5,"Male","Validated clinical training image: pushpa_Files/neoBloom/datasets/normal/normal (962).jpg","Normal",11.8
"NEO-IMG-1724","Infant N-963",8,"Female","Validated clinical training image: pushpa_Files/neoBloom/datasets/normal/normal (963).jpg","Normal",20.2
"NEO-IMG-1725","Infant N-964",5,"Male","Validated clinical training image: pushpa_Files/neoBloom/datasets/normal/normal (964).jpg","Normal",25.1
"NEO-IMG-1726","Infant N-965",6,"Male","Validated clinical training image: pushpa_Files/neoBloom/datasets/normal/normal (965).jpg","Normal",5.2
"NEO-IMG-1727","Infant N-966",5,"Male","Validated clinical training image: pushpa_Files/neoBloom/datasets/normal/normal (966).jpg","Normal",26.4
"NEO-IMG-1728","Infant N-967",1,"Male","Validated clinical training image: pushpa_Files/neoBloom/datasets/normal/normal (967).jpg","Normal",13.8
"NEO-IMG-1729","Infant N-968",6,"Female","Validated clinical training image: pushpa_Files/neoBloom/datasets/normal/normal (968).jpg","Normal",27.6
"NEO-IMG-1730","Infant N-969",4,"Male","Validated clinical training image: pushpa_Files/neoBloom/datasets/normal/normal (969).jpg","Normal",6.4
"NEO-IMG-1731","Infant N-970",1,"Male","Validated clinical training image: pushpa_Files/neoBloom/datasets/normal/normal (970).jpg","Normal",27
"NEO-IMG-1732","Infant N-971",5,"Male","Validated clinical training image: pushpa_Files/neoBloom/datasets/normal/normal (971).jpg","Normal",12.3
"NEO-IMG-1733","Infant N-972",1,"Female","Validated clinical training image: pushpa_Files/neoBloom/datasets/normal/normal (972).jpg","Normal",20.3
"NEO-IMG-1734","Infant N-973",2,"Female","Validated clinical training image: pushpa_Files/neoBloom/datasets/normal/normal (973).jpg","Normal",19.7
"NEO-IMG-1735","Infant N-974",3,"Male","Validated clinical training image: pushpa_Files/neoBloom/datasets/normal/normal (974).jpg","Normal",12.4
"NEO-IMG-1736","Infant N-975",2,"Male","Validated clinical training image: pushpa_Files/neoBloom/datasets/normal/normal (975).jpg","Normal",21.8
"NEO-IMG-1737","Infant N-976",5,"Male","Validated clinical training image: pushpa_Files/neoBloom/datasets/normal/normal (976).jpg","Normal",22.7
"NEO-IMG-1738","Infant N-977",1,"Female","Validated clinical training image: pushpa_Files/neoBloom/datasets/normal/normal (977).jpg","Normal",9.8
"NEO-IMG-1739","Infant N-978",7,"Female","Validated clinical training image: pushpa_Files/neoBloom/datasets/normal/normal (978).jpg","Normal",16.9
"NEO-IMG-1740","Infant N-979",3,"Female","Validated clinical training image: pushpa_Files/neoBloom/datasets/normal/normal (979).jpg","Normal",6.9
"NEO-IMG-1741","Infant N-980",2,"Female","Validated clinical training image: pushpa_Files/neoBloom/datasets/normal/normal (980).jpg","Normal",6.5
"NEO-IMG-1742","Infant N-981",8,"Male","Validated clinical training image: pushpa_Files/neoBloom/datasets/normal/normal (981).jpg","Normal",14.9
"NEO-IMG-1743","Infant N-982",3,"Male","Validated clinical training image: pushpa_Files/neoBloom/datasets/normal/normal (982).jpg","Normal",17.4
"NEO-IMG-1744","Infant N-983",1,"Male","Validated clinical training image: pushpa_Files/neoBloom/datasets/normal/normal (983).jpg","Normal",29
"NEO-IMG-1745","Infant N-984",7,"Male","Validated clinical training image: pushpa_Files/neoBloom/datasets/normal/normal (984).jpg","Normal",24.9
"NEO-IMG-1746","Infant N-985",4,"Male","Validated clinical training image: pushpa_Files/neoBloom/datasets/normal/normal (985).jpg","Normal",25.1
"NEO-IMG-1747","Infant N-986",8,"Female","Validated clinical training image: pushpa_Files/neoBloom/datasets/normal/normal (986).jpg","Normal",15.7
"NEO-IMG-1748","Infant N-987",7,"Female","Validated clinical training image: pushpa_Files/neoBloom/datasets/normal/normal (987).jpg","Normal",23.1
"NEO-IMG-1749","Infant N-988",6,"Male","Validated clinical training image: pushpa_Files/neoBloom/datasets/normal/normal (988).jpg","Normal",8.6
"NEO-IMG-1750","Infant N-989",6,"Male","Validated clinical training image: pushpa_Files/neoBloom/datasets/normal/normal (989).jpg","Normal",16.5
"NEO-IMG-1751","Infant N-990",5,"Male","Validated clinical training image: pushpa_Files/neoBloom/datasets/normal/normal (990).jpg","Normal",16
"NEO-IMG-1752","Infant N-991",2,"Female","Validated clinical training image: pushpa_Files/neoBloom/datasets/normal/normal (991).jpg","Normal",5.4
"NEO-IMG-1753","Infant N-992",2,"Male","Validated clinical training image: pushpa_Files/neoBloom/datasets/normal/normal (992).jpg","Normal",18.3
"NEO-IMG-1754","Infant N-993",8,"Male","Validated clinical training image: pushpa_Files/neoBloom/datasets/normal/normal (993).jpg","Normal",8.3
"NEO-IMG-1755","Infant N-994",3,"Female","Validated clinical training image: pushpa_Files/neoBloom/datasets/normal/normal (994).jpg","Normal",19.9
"NEO-IMG-1756","Infant N-995",4,"Female","Validated clinical training image: pushpa_Files/neoBloom/datasets/normal/normal (995).jpg","Normal",21.6
"NEO-IMG-1757","Infant N-996",7,"Female","Validated clinical training image: pushpa_Files/neoBloom/datasets/normal/normal (996).jpg","Normal",24.2
"NEO-IMG-1758","Infant N-997",8,"Male","Validated clinical training image: pushpa_Files/neoBloom/datasets/normal/normal (997).jpg","Normal",14.2
"NEO-IMG-1759","Infant N-998",3,"Male","Validated clinical training image: pushpa_Files/neoBloom/datasets/normal/normal (998).jpg","Normal",17.5
"NEO-IMG-1760","Infant N-999",1,"Female","Validated clinical training image: pushpa_Files/neoBloom/datasets/normal/normal (999).jpg","Normal",26.2